dataset,frequency,term,mean,std,variance,dispersion_ddof,finite_values,manifest,evaluation_grid
Australia_Solar,H,long,1.2762842341465261,0.6487972292638606,0.42093784470046247,0,45,/fslarge/scratch/users/h61084/codes/seasonal/foundation_models/tasks/seasonal_naive/univariate/Australia_Solar/H/long/run_0/manifest.json,/fslarge/scratch/users/h61084/codes/seasonal/foundation_models/tasks/seasonal_naive/univariate/Australia_Solar/H/long/run_0/evaluation_grid.npz
Australia_Solar,H,medium,1.3589947306642882,0.829210915430357,0.6875907422688505,0,105,/fslarge/scratch/users/h61084/codes/seasonal/foundation_models/tasks/seasonal_naive/univariate/Australia_Solar/H/medium/run_0/manifest.json,/fslarge/scratch/users/h61084/codes/seasonal/foundation_models/tasks/seasonal_naive/univariate/Australia_Solar/H/medium/run_0/evaluation_grid.npz
Australia_Solar,H,short,1.235468758758717,0.9655624901150337,0.9323109223171446,0,312,/fslarge/scratch/users/h61084/codes/seasonal/foundation_models/tasks/seasonal_naive/univariate/Australia_Solar/H/short/run_0/manifest.json,/fslarge/scratch/users/h61084/codes/seasonal/foundation_models/tasks/seasonal_naive/univariate/Australia_Solar/H/short/run_0/evaluation_grid.npz
Auto_Production_SF,M,short,0.9634651517903213,0.4120834620259613,0.1698127796753019,0,5,/fslarge/scratch/users/h61084/codes/seasonal/foundation_models/tasks/seasonal_naive/univariate/Auto_Production_SF/M/short/run_0/manifest.json,/fslarge/scratch/users/h61084/codes/seasonal/foundation_models/tasks/seasonal_naive/univariate/Auto_Production_SF/M/short/run_0/evaluation_grid.npz
CPHL,15T,long,1.556704626979664,0.966866738564371,0.9348312901421038,0,10,/fslarge/scratch/users/h61084/codes/seasonal/foundation_models/tasks/seasonal_naive/univariate/CPHL/15T/long/run_0/manifest.json,/fslarge/scratch/users/h61084/codes/seasonal/foundation_models/tasks/seasonal_naive/univariate/CPHL/15T/long/run_0/evaluation_grid.npz
CPHL,15T,medium,1.37281934883039,0.7895232215323791,0.6233469173388662,0,30,/fslarge/scratch/users/h61084/codes/seasonal/foundation_models/tasks/seasonal_naive/univariate/CPHL/15T/medium/run_0/manifest.json,/fslarge/scratch/users/h61084/codes/seasonal/foundation_models/tasks/seasonal_naive/univariate/CPHL/15T/medium/run_0/evaluation_grid.npz
CPHL,15T,short,1.3686982871636935,1.1001396990100754,1.2103073573379792,0,240,/fslarge/scratch/users/h61084/codes/seasonal/foundation_models/tasks/seasonal_naive/univariate/CPHL/15T/short/run_0/manifest.json,/fslarge/scratch/users/h61084/codes/seasonal/foundation_models/tasks/seasonal_naive/univariate/CPHL/15T/short/run_0/evaluation_grid.npz
CPHL,30T,long,2.2236567264315648,1.2677986708600044,1.6073134698343936,0,20,/fslarge/scratch/users/h61084/codes/seasonal/foundation_models/tasks/seasonal_naive/univariate/CPHL/30T/long/run_0/manifest.json,/fslarge/scratch/users/h61084/codes/seasonal/foundation_models/tasks/seasonal_naive/univariate/CPHL/30T/long/run_0/evaluation_grid.npz
CPHL,30T,medium,1.893340926882399,1.2196879954940523,1.4876388063522994,0,60,/fslarge/scratch/users/h61084/codes/seasonal/foundation_models/tasks/seasonal_naive/univariate/CPHL/30T/medium/run_0/manifest.json,/fslarge/scratch/users/h61084/codes/seasonal/foundation_models/tasks/seasonal_naive/univariate/CPHL/30T/medium/run_0/evaluation_grid.npz
CPHL,30T,short,1.9158052500490743,1.417296149145848,2.00872837438365,0,240,/fslarge/scratch/users/h61084/codes/seasonal/foundation_models/tasks/seasonal_naive/univariate/CPHL/30T/short/run_0/manifest.json,/fslarge/scratch/users/h61084/codes/seasonal/foundation_models/tasks/seasonal_naive/univariate/CPHL/30T/short/run_0/evaluation_grid.npz
CPHL,H,long,2.524261882033793,1.1523358314221883,1.3278778683794659,0,8,/fslarge/scratch/users/h61084/codes/seasonal/foundation_models/tasks/seasonal_naive/univariate/CPHL/H/long/run_0/manifest.json,/fslarge/scratch/users/h61084/codes/seasonal/foundation_models/tasks/seasonal_naive/univariate/CPHL/H/long/run_0/evaluation_grid.npz
CPHL,H,medium,2.2276216946589162,0.7777575640639581,0.6049068284587019,0,16,/fslarge/scratch/users/h61084/codes/seasonal/foundation_models/tasks/seasonal_naive/univariate/CPHL/H/medium/run_0/manifest.json,/fslarge/scratch/users/h61084/codes/seasonal/foundation_models/tasks/seasonal_naive/univariate/CPHL/H/medium/run_0/evaluation_grid.npz
CPHL,H,short,1.5555461077967614,0.9725855144275046,0.9459225828742138,0,112,/fslarge/scratch/users/h61084/codes/seasonal/foundation_models/tasks/seasonal_naive/univariate/CPHL/H/short/run_0/manifest.json,/fslarge/scratch/users/h61084/codes/seasonal/foundation_models/tasks/seasonal_naive/univariate/CPHL/H/short/run_0/evaluation_grid.npz
Coastal_T_S,15T,long,1.5935046166703226,1.1535594416256896,1.3306993853637727,0,75,/fslarge/scratch/users/h61084/codes/seasonal/foundation_models/tasks/seasonal_naive/univariate/Coastal_T_S/15T/long/run_0/manifest.json,/fslarge/scratch/users/h61084/codes/seasonal/foundation_models/tasks/seasonal_naive/univariate/Coastal_T_S/15T/long/run_0/evaluation_grid.npz
Coastal_T_S,15T,medium,1.4516859811322,1.1328980513409392,1.2834579947320974,0,225,/fslarge/scratch/users/h61084/codes/seasonal/foundation_models/tasks/seasonal_naive/univariate/Coastal_T_S/15T/medium/run_0/manifest.json,/fslarge/scratch/users/h61084/codes/seasonal/foundation_models/tasks/seasonal_naive/univariate/Coastal_T_S/15T/medium/run_0/evaluation_grid.npz
Coastal_T_S,15T,short,1.447975868226236,1.26919754429659,1.6108624064484944,0,1800,/fslarge/scratch/users/h61084/codes/seasonal/foundation_models/tasks/seasonal_naive/univariate/Coastal_T_S/15T/short/run_0/manifest.json,/fslarge/scratch/users/h61084/codes/seasonal/foundation_models/tasks/seasonal_naive/univariate/Coastal_T_S/15T/short/run_0/evaluation_grid.npz
Coastal_T_S,20T,long,1.837785242009726,1.3174335013795484,1.7356310305571765,0,15,/fslarge/scratch/users/h61084/codes/seasonal/foundation_models/tasks/seasonal_naive/univariate/Coastal_T_S/20T/long/run_0/manifest.json,/fslarge/scratch/users/h61084/codes/seasonal/foundation_models/tasks/seasonal_naive/univariate/Coastal_T_S/20T/long/run_0/evaluation_grid.npz
Coastal_T_S,20T,medium,1.2827707713444634,0.8994246593808047,0.8089647179022766,0,45,/fslarge/scratch/users/h61084/codes/seasonal/foundation_models/tasks/seasonal_naive/univariate/Coastal_T_S/20T/medium/run_0/manifest.json,/fslarge/scratch/users/h61084/codes/seasonal/foundation_models/tasks/seasonal_naive/univariate/Coastal_T_S/20T/medium/run_0/evaluation_grid.npz
Coastal_T_S,20T,short,1.2782414293270614,1.1796595512946801,1.391596656960766,0,360,/fslarge/scratch/users/h61084/codes/seasonal/foundation_models/tasks/seasonal_naive/univariate/Coastal_T_S/20T/short/run_0/manifest.json,/fslarge/scratch/users/h61084/codes/seasonal/foundation_models/tasks/seasonal_naive/univariate/Coastal_T_S/20T/short/run_0/evaluation_grid.npz
Coastal_T_S,5T,long,1.4810239029575263,1.344496187052519,1.8076699969987622,0,270,/fslarge/scratch/users/h61084/codes/seasonal/foundation_models/tasks/seasonal_naive/univariate/Coastal_T_S/5T/long/run_0/manifest.json,/fslarge/scratch/users/h61084/codes/seasonal/foundation_models/tasks/seasonal_naive/univariate/Coastal_T_S/5T/long/run_0/evaluation_grid.npz
Coastal_T_S,5T,medium,1.222066258731106,1.1701062000737548,1.3691485194510418,0,810,/fslarge/scratch/users/h61084/codes/seasonal/foundation_models/tasks/seasonal_naive/univariate/Coastal_T_S/5T/medium/run_0/manifest.json,/fslarge/scratch/users/h61084/codes/seasonal/foundation_models/tasks/seasonal_naive/univariate/Coastal_T_S/5T/medium/run_0/evaluation_grid.npz
Coastal_T_S,5T,short,1.2182080348379292,1.2981254054538556,1.685129568284737,0,6480,/fslarge/scratch/users/h61084/codes/seasonal/foundation_models/tasks/seasonal_naive/univariate/Coastal_T_S/5T/short/run_0/manifest.json,/fslarge/scratch/users/h61084/codes/seasonal/foundation_models/tasks/seasonal_naive/univariate/Coastal_T_S/5T/short/run_0/evaluation_grid.npz
Coastal_T_S,H,long,2.646814492501095,3.0520109575615497,9.314770885075767,0,144,/fslarge/scratch/users/h61084/codes/seasonal/foundation_models/tasks/seasonal_naive/univariate/Coastal_T_S/H/long/run_0/manifest.json,/fslarge/scratch/users/h61084/codes/seasonal/foundation_models/tasks/seasonal_naive/univariate/Coastal_T_S/H/long/run_0/evaluation_grid.npz
Coastal_T_S,H,medium,2.05499932278695,1.7549092356684324,3.0797064254343613,0,288,/fslarge/scratch/users/h61084/codes/seasonal/foundation_models/tasks/seasonal_naive/univariate/Coastal_T_S/H/medium/run_0/manifest.json,/fslarge/scratch/users/h61084/codes/seasonal/foundation_models/tasks/seasonal_naive/univariate/Coastal_T_S/H/medium/run_0/evaluation_grid.npz
Coastal_T_S,H,short,1.204935864293014,1.6422792918413454,2.6970812724109106,0,2016,/fslarge/scratch/users/h61084/codes/seasonal/foundation_models/tasks/seasonal_naive/univariate/Coastal_T_S/H/short/run_0/manifest.json,/fslarge/scratch/users/h61084/codes/seasonal/foundation_models/tasks/seasonal_naive/univariate/Coastal_T_S/H/short/run_0/evaluation_grid.npz
Commodity_Import,M,short,1.8336477254740147,2.1583787725854373,4.658598925947419,0,40,/fslarge/scratch/users/h61084/codes/seasonal/foundation_models/tasks/seasonal_naive/univariate/Commodity_Import/M/short/run_0/manifest.json,/fslarge/scratch/users/h61084/codes/seasonal/foundation_models/tasks/seasonal_naive/univariate/Commodity_Import/M/short/run_0/evaluation_grid.npz
Commodity_Production,M,short,1.220088634016739,0.730035105873204,0.5329512558073002,0,160,/fslarge/scratch/users/h61084/codes/seasonal/foundation_models/tasks/seasonal_naive/univariate/Commodity_Production/M/short/run_0/manifest.json,/fslarge/scratch/users/h61084/codes/seasonal/foundation_models/tasks/seasonal_naive/univariate/Commodity_Production/M/short/run_0/evaluation_grid.npz
Crypto,D,short,6.169569272851417,5.261962632150346,27.688250742146593,0,36,/fslarge/scratch/users/h61084/codes/seasonal/foundation_models/tasks/seasonal_naive/univariate/Crypto/D/short/run_0/manifest.json,/fslarge/scratch/users/h61084/codes/seasonal/foundation_models/tasks/seasonal_naive/univariate/Crypto/D/short/run_0/evaluation_grid.npz
ECDC_COVID,D,short,3.5426548068444346,3.0764544936695892,9.46457225161981,0,45,/fslarge/scratch/users/h61084/codes/seasonal/foundation_models/tasks/seasonal_naive/univariate/ECDC_COVID/D/short/run_0/manifest.json,/fslarge/scratch/users/h61084/codes/seasonal/foundation_models/tasks/seasonal_naive/univariate/ECDC_COVID/D/short/run_0/evaluation_grid.npz
ECDC_COVID,W,short,1.5433643330513203,1.5894082311142634,2.5262185251337717,0,64,/fslarge/scratch/users/h61084/codes/seasonal/foundation_models/tasks/seasonal_naive/univariate/ECDC_COVID/W/short/run_0/manifest.json,/fslarge/scratch/users/h61084/codes/seasonal/foundation_models/tasks/seasonal_naive/univariate/ECDC_COVID/W/short/run_0/evaluation_grid.npz
EWELD_Load,15T,long,0.9730884442803625,0.4877942060807641,0.237943187485963,0,20,/fslarge/scratch/users/h61084/codes/seasonal/foundation_models/tasks/seasonal_naive/univariate/EWELD_Load/15T/long/run_0/manifest.json,/fslarge/scratch/users/h61084/codes/seasonal/foundation_models/tasks/seasonal_naive/univariate/EWELD_Load/15T/long/run_0/evaluation_grid.npz
EWELD_Load,15T,medium,0.9107484734313388,0.4903450312078473,0.24043824963022473,0,140,/fslarge/scratch/users/h61084/codes/seasonal/foundation_models/tasks/seasonal_naive/univariate/EWELD_Load/15T/medium/run_0/manifest.json,/fslarge/scratch/users/h61084/codes/seasonal/foundation_models/tasks/seasonal_naive/univariate/EWELD_Load/15T/medium/run_0/evaluation_grid.npz
EWELD_Load,15T,short,0.9109076791493171,0.7927334143903945,0.6284262662910528,0,560,/fslarge/scratch/users/h61084/codes/seasonal/foundation_models/tasks/seasonal_naive/univariate/EWELD_Load/15T/short/run_0/manifest.json,/fslarge/scratch/users/h61084/codes/seasonal/foundation_models/tasks/seasonal_naive/univariate/EWELD_Load/15T/short/run_0/evaluation_grid.npz
Finland_Traffic,15T,long,0.9356216079721509,0.13704519299139284,0.018781384922048106,0,4,/fslarge/scratch/users/h61084/codes/seasonal/foundation_models/tasks/seasonal_naive/univariate/Finland_Traffic/15T/long/run_0/manifest.json,/fslarge/scratch/users/h61084/codes/seasonal/foundation_models/tasks/seasonal_naive/univariate/Finland_Traffic/15T/long/run_0/evaluation_grid.npz
Finland_Traffic,15T,medium,0.7819762468379376,0.4133489668481001,0.17085736839439175,0,31,/fslarge/scratch/users/h61084/codes/seasonal/foundation_models/tasks/seasonal_naive/univariate/Finland_Traffic/15T/medium/run_0/manifest.json,/fslarge/scratch/users/h61084/codes/seasonal/foundation_models/tasks/seasonal_naive/univariate/Finland_Traffic/15T/medium/run_0/evaluation_grid.npz
Finland_Traffic,15T,short,0.7821655158923493,0.7379019326551136,0.5444992622161519,0,186,/fslarge/scratch/users/h61084/codes/seasonal/foundation_models/tasks/seasonal_naive/univariate/Finland_Traffic/15T/short/run_0/manifest.json,/fslarge/scratch/users/h61084/codes/seasonal/foundation_models/tasks/seasonal_naive/univariate/Finland_Traffic/15T/short/run_0/evaluation_grid.npz
Global_Influenza,W,short,4.230835072275004,5.512606079900088,30.38882579215142,0,237,/fslarge/scratch/users/h61084/codes/seasonal/foundation_models/tasks/seasonal_naive/univariate/Global_Influenza/W/short/run_0/manifest.json,/fslarge/scratch/users/h61084/codes/seasonal/foundation_models/tasks/seasonal_naive/univariate/Global_Influenza/W/short/run_0/evaluation_grid.npz
Global_Price,Q,short,1.8604859355497676,1.8573657897006313,3.4498076767502495,0,300,/fslarge/scratch/users/h61084/codes/seasonal/foundation_models/tasks/seasonal_naive/univariate/Global_Price/Q/short/run_0/manifest.json,/fslarge/scratch/users/h61084/codes/seasonal/foundation_models/tasks/seasonal_naive/univariate/Global_Price/Q/short/run_0/evaluation_grid.npz
Housing_Inventory,M,short,0.6840076077319015,0.39788380286429137,0.15831152058175027,0,12,/fslarge/scratch/users/h61084/codes/seasonal/foundation_models/tasks/seasonal_naive/univariate/Housing_Inventory/M/short/run_0/manifest.json,/fslarge/scratch/users/h61084/codes/seasonal/foundation_models/tasks/seasonal_naive/univariate/Housing_Inventory/M/short/run_0/evaluation_grid.npz
JOLTS,M,short,1.68559441428069,0.9422230958137535,0.8877843622848538,0,30,/fslarge/scratch/users/h61084/codes/seasonal/foundation_models/tasks/seasonal_naive/univariate/JOLTS/M/short/run_0/manifest.json,/fslarge/scratch/users/h61084/codes/seasonal/foundation_models/tasks/seasonal_naive/univariate/JOLTS/M/short/run_0/evaluation_grid.npz
Job_Claims,W,short,2.721408984092651,1.3451556826300457,1.8094438105119042,0,8,/fslarge/scratch/users/h61084/codes/seasonal/foundation_models/tasks/seasonal_naive/univariate/Job_Claims/W/short/run_0/manifest.json,/fslarge/scratch/users/h61084/codes/seasonal/foundation_models/tasks/seasonal_naive/univariate/Job_Claims/W/short/run_0/evaluation_grid.npz
MetroPT-3,5T,long,0.8686901704875118,0.14909093131981657,0.022228105801810265,0,18,/fslarge/scratch/users/h61084/codes/seasonal/foundation_models/tasks/seasonal_naive/univariate/MetroPT-3/5T/long/run_0/manifest.json,/fslarge/scratch/users/h61084/codes/seasonal/foundation_models/tasks/seasonal_naive/univariate/MetroPT-3/5T/long/run_0/evaluation_grid.npz
MetroPT-3,5T,medium,0.8535683382965379,0.1403422923174689,0.019695959012921885,0,36,/fslarge/scratch/users/h61084/codes/seasonal/foundation_models/tasks/seasonal_naive/univariate/MetroPT-3/5T/medium/run_0/manifest.json,/fslarge/scratch/users/h61084/codes/seasonal/foundation_models/tasks/seasonal_naive/univariate/MetroPT-3/5T/medium/run_0/evaluation_grid.npz
MetroPT-3,5T,short,0.8726224746907574,0.2757003391511327,0.07601067700804957,0,210,/fslarge/scratch/users/h61084/codes/seasonal/foundation_models/tasks/seasonal_naive/univariate/MetroPT-3/5T/short/run_0/manifest.json,/fslarge/scratch/users/h61084/codes/seasonal/foundation_models/tasks/seasonal_naive/univariate/MetroPT-3/5T/short/run_0/evaluation_grid.npz
NE_China_Wind,H,long,1.3310720643183538,0.8238518967724852,0.6787319478156216,0,16,/fslarge/scratch/users/h61084/codes/seasonal/foundation_models/tasks/seasonal_naive/univariate/NE_China_Wind/H/long/run_0/manifest.json,/fslarge/scratch/users/h61084/codes/seasonal/foundation_models/tasks/seasonal_naive/univariate/NE_China_Wind/H/long/run_0/evaluation_grid.npz
NE_China_Wind,H,medium,1.092497259593467,0.7653438843122552,0.5857512612541707,0,40,/fslarge/scratch/users/h61084/codes/seasonal/foundation_models/tasks/seasonal_naive/univariate/NE_China_Wind/H/medium/run_0/manifest.json,/fslarge/scratch/users/h61084/codes/seasonal/foundation_models/tasks/seasonal_naive/univariate/NE_China_Wind/H/medium/run_0/evaluation_grid.npz
NE_China_Wind,H,short,0.8322078490336116,0.6320861331232855,0.39953287968674783,0,120,/fslarge/scratch/users/h61084/codes/seasonal/foundation_models/tasks/seasonal_naive/univariate/NE_China_Wind/H/short/run_0/manifest.json,/fslarge/scratch/users/h61084/codes/seasonal/foundation_models/tasks/seasonal_naive/univariate/NE_China_Wind/H/short/run_0/evaluation_grid.npz
Oil_Price,B,short,1.5496690109476723,1.1441054122537264,1.308977194348269,0,420,/fslarge/scratch/users/h61084/codes/seasonal/foundation_models/tasks/seasonal_naive/univariate/Oil_Price/B/short/run_0/manifest.json,/fslarge/scratch/users/h61084/codes/seasonal/foundation_models/tasks/seasonal_naive/univariate/Oil_Price/B/short/run_0/evaluation_grid.npz
Online_Retail_2_UCI,D,short,1.6232577008686375,0.8410860891561767,0.7074258093720319,0,6,/fslarge/scratch/users/h61084/codes/seasonal/foundation_models/tasks/seasonal_naive/univariate/Online_Retail_2_UCI/D/short/run_0/manifest.json,/fslarge/scratch/users/h61084/codes/seasonal/foundation_models/tasks/seasonal_naive/univariate/Online_Retail_2_UCI/D/short/run_0/evaluation_grid.npz
OpenElectricity_NEM,5T,long,1.0224745372877215,0.4649488547460206,0.21617743752963614,0,140,/fslarge/scratch/users/h61084/codes/seasonal/foundation_models/tasks/seasonal_naive/univariate/OpenElectricity_NEM/5T/long/run_0/manifest.json,/fslarge/scratch/users/h61084/codes/seasonal/foundation_models/tasks/seasonal_naive/univariate/OpenElectricity_NEM/5T/long/run_0/evaluation_grid.npz
OpenElectricity_NEM,5T,medium,1.0220753966761364,0.7497558954458872,0.5621339027558641,0,420,/fslarge/scratch/users/h61084/codes/seasonal/foundation_models/tasks/seasonal_naive/univariate/OpenElectricity_NEM/5T/medium/run_0/manifest.json,/fslarge/scratch/users/h61084/codes/seasonal/foundation_models/tasks/seasonal_naive/univariate/OpenElectricity_NEM/5T/medium/run_0/evaluation_grid.npz
OpenElectricity_NEM,5T,short,1.021668339182264,0.9240274217057249,0.8538266760641295,0,1680,/fslarge/scratch/users/h61084/codes/seasonal/foundation_models/tasks/seasonal_naive/univariate/OpenElectricity_NEM/5T/short/run_0/manifest.json,/fslarge/scratch/users/h61084/codes/seasonal/foundation_models/tasks/seasonal_naive/univariate/OpenElectricity_NEM/5T/short/run_0/evaluation_grid.npz
Port_Activity,D,short,0.9536286637709488,0.6045393642018696,0.36546784286960077,0,2376,/fslarge/scratch/users/h61084/codes/seasonal/foundation_models/tasks/seasonal_naive/univariate/Port_Activity/D/short/run_0/manifest.json,/fslarge/scratch/users/h61084/codes/seasonal/foundation_models/tasks/seasonal_naive/univariate/Port_Activity/D/short/run_0/evaluation_grid.npz
Port_Activity,W,short,0.9755398949343401,0.46340282894494556,0.21474218187417846,0,792,/fslarge/scratch/users/h61084/codes/seasonal/foundation_models/tasks/seasonal_naive/univariate/Port_Activity/W/short/run_0/manifest.json,/fslarge/scratch/users/h61084/codes/seasonal/foundation_models/tasks/seasonal_naive/univariate/Port_Activity/W/short/run_0/evaluation_grid.npz
SG_Carpark,15T,long,1.307891992764626,0.8004603647259972,0.6407367954972765,0,354,/fslarge/scratch/users/h61084/codes/seasonal/foundation_models/tasks/seasonal_naive/univariate/SG_Carpark/15T/long/run_0/manifest.json,/fslarge/scratch/users/h61084/codes/seasonal/foundation_models/tasks/seasonal_naive/univariate/SG_Carpark/15T/long/run_0/evaluation_grid.npz
SG_Carpark,15T,medium,0.9472441633805834,0.8315971040944682,0.6915537435383057,0,2478,/fslarge/scratch/users/h61084/codes/seasonal/foundation_models/tasks/seasonal_naive/univariate/SG_Carpark/15T/medium/run_0/manifest.json,/fslarge/scratch/users/h61084/codes/seasonal/foundation_models/tasks/seasonal_naive/univariate/SG_Carpark/15T/medium/run_0/evaluation_grid.npz
SG_Carpark,15T,short,0.9420673883040124,1.1650298484221824,1.3572945477146132,0,14868,/fslarge/scratch/users/h61084/codes/seasonal/foundation_models/tasks/seasonal_naive/univariate/SG_Carpark/15T/short/run_0/manifest.json,/fslarge/scratch/users/h61084/codes/seasonal/foundation_models/tasks/seasonal_naive/univariate/SG_Carpark/15T/short/run_0/evaluation_grid.npz
SG_PM25,H,long,1.2909773955323274,0.353421486186987,0.12490674689861864,0,65,/fslarge/scratch/users/h61084/codes/seasonal/foundation_models/tasks/seasonal_naive/univariate/SG_PM25/H/long/run_0/manifest.json,/fslarge/scratch/users/h61084/codes/seasonal/foundation_models/tasks/seasonal_naive/univariate/SG_PM25/H/long/run_0/evaluation_grid.npz
SG_PM25,H,medium,1.1852409592075988,0.4503747981319872,0.20283745879242823,0,150,/fslarge/scratch/users/h61084/codes/seasonal/foundation_models/tasks/seasonal_naive/univariate/SG_PM25/H/medium/run_0/manifest.json,/fslarge/scratch/users/h61084/codes/seasonal/foundation_models/tasks/seasonal_naive/univariate/SG_PM25/H/medium/run_0/evaluation_grid.npz
SG_PM25,H,short,1.1720073818805468,0.5067794736737509,0.2568254349370439,0,460,/fslarge/scratch/users/h61084/codes/seasonal/foundation_models/tasks/seasonal_naive/univariate/SG_PM25/H/short/run_0/manifest.json,/fslarge/scratch/users/h61084/codes/seasonal/foundation_models/tasks/seasonal_naive/univariate/SG_PM25/H/short/run_0/evaluation_grid.npz
SG_Weather,D,long,1.1878086823687262,0.7428700721653868,0.5518559441190071,0,622,/fslarge/scratch/users/h61084/codes/seasonal/foundation_models/tasks/seasonal_naive/univariate/SG_Weather/D/long/run_0/manifest.json,/fslarge/scratch/users/h61084/codes/seasonal/foundation_models/tasks/seasonal_naive/univariate/SG_Weather/D/long/run_0/evaluation_grid.npz
SG_Weather,D,medium,1.180304070490495,0.7875160542587117,0.6201815357152103,0,1222,/fslarge/scratch/users/h61084/codes/seasonal/foundation_models/tasks/seasonal_naive/univariate/SG_Weather/D/medium/run_0/manifest.json,/fslarge/scratch/users/h61084/codes/seasonal/foundation_models/tasks/seasonal_naive/univariate/SG_Weather/D/medium/run_0/evaluation_grid.npz
SG_Weather,D,short,1.0689616504483799,0.8072085701870649,0.6515856757834457,0,2862,/fslarge/scratch/users/h61084/codes/seasonal/foundation_models/tasks/seasonal_naive/univariate/SG_Weather/D/short/run_0/manifest.json,/fslarge/scratch/users/h61084/codes/seasonal/foundation_models/tasks/seasonal_naive/univariate/SG_Weather/D/short/run_0/evaluation_grid.npz
Smart_Manufacturing,H,long,1.0022363197581337,0.10964091292204521,0.0120211297863795,0,170,/fslarge/scratch/users/h61084/codes/seasonal/foundation_models/tasks/seasonal_naive/univariate/Smart_Manufacturing/H/long/run_0/manifest.json,/fslarge/scratch/users/h61084/codes/seasonal/foundation_models/tasks/seasonal_naive/univariate/Smart_Manufacturing/H/long/run_0/evaluation_grid.npz
Smart_Manufacturing,H,medium,1.0059162251273246,0.11519203971926659,0.01326920601468509,0,340,/fslarge/scratch/users/h61084/codes/seasonal/foundation_models/tasks/seasonal_naive/univariate/Smart_Manufacturing/H/medium/run_0/manifest.json,/fslarge/scratch/users/h61084/codes/seasonal/foundation_models/tasks/seasonal_naive/univariate/Smart_Manufacturing/H/medium/run_0/evaluation_grid.npz
Smart_Manufacturing,H,short,0.9987212256449988,0.19538696492859342,0.03817606606400739,0,2380,/fslarge/scratch/users/h61084/codes/seasonal/foundation_models/tasks/seasonal_naive/univariate/Smart_Manufacturing/H/short/run_0/manifest.json,/fslarge/scratch/users/h61084/codes/seasonal/foundation_models/tasks/seasonal_naive/univariate/Smart_Manufacturing/H/short/run_0/evaluation_grid.npz
Supply_Chain_Customer,D,short,1.5244040426120686,0.8725792135654238,0.7613944839464535,0,432,/fslarge/scratch/users/h61084/codes/seasonal/foundation_models/tasks/seasonal_naive/univariate/Supply_Chain_Customer/D/short/run_0/manifest.json,/fslarge/scratch/users/h61084/codes/seasonal/foundation_models/tasks/seasonal_naive/univariate/Supply_Chain_Customer/D/short/run_0/evaluation_grid.npz
Supply_Chain_Location,D,short,1.4264456517338167,0.7598386653006373,0.5773547972858538,0,612,/fslarge/scratch/users/h61084/codes/seasonal/foundation_models/tasks/seasonal_naive/univariate/Supply_Chain_Location/D/short/run_0/manifest.json,/fslarge/scratch/users/h61084/codes/seasonal/foundation_models/tasks/seasonal_naive/univariate/Supply_Chain_Location/D/short/run_0/evaluation_grid.npz
US_Labor,M,short,1.7726043654315742,1.713712213954034,2.936809552255237,0,70,/fslarge/scratch/users/h61084/codes/seasonal/foundation_models/tasks/seasonal_naive/univariate/US_Labor/M/short/run_0/manifest.json,/fslarge/scratch/users/h61084/codes/seasonal/foundation_models/tasks/seasonal_naive/univariate/US_Labor/M/short/run_0/evaluation_grid.npz
US_Term_Structure,B,short,1.7649879489699798,1.016550232153112,1.0333743744905457,0,1400,/fslarge/scratch/users/h61084/codes/seasonal/foundation_models/tasks/seasonal_naive/univariate/US_Term_Structure/B/short/run_0/manifest.json,/fslarge/scratch/users/h61084/codes/seasonal/foundation_models/tasks/seasonal_naive/univariate/US_Term_Structure/B/short/run_0/evaluation_grid.npz
Uncertainty_1M,M,short,0.9687122092330922,0.6807865455811538,0.4634703206443205,0,21,/fslarge/scratch/users/h61084/codes/seasonal/foundation_models/tasks/seasonal_naive/univariate/Uncertainty_1M/M/short/run_0/manifest.json,/fslarge/scratch/users/h61084/codes/seasonal/foundation_models/tasks/seasonal_naive/univariate/Uncertainty_1M/M/short/run_0/evaluation_grid.npz
Vehicle_Sales,M,short,1.3003774304433904,0.9329941711002446,0.8704781233070326,0,50,/fslarge/scratch/users/h61084/codes/seasonal/foundation_models/tasks/seasonal_naive/univariate/Vehicle_Sales/M/short/run_0/manifest.json,/fslarge/scratch/users/h61084/codes/seasonal/foundation_models/tasks/seasonal_naive/univariate/Vehicle_Sales/M/short/run_0/evaluation_grid.npz
Vehicle_Supply,M,short,1.1123545370322176,0.786233925224276,0.6181637851735725,0,30,/fslarge/scratch/users/h61084/codes/seasonal/foundation_models/tasks/seasonal_naive/univariate/Vehicle_Supply/M/short/run_0/manifest.json,/fslarge/scratch/users/h61084/codes/seasonal/foundation_models/tasks/seasonal_naive/univariate/Vehicle_Supply/M/short/run_0/evaluation_grid.npz
WUI_Global,Q,short,1.2752554228759418,0.7806254978170413,0.6093761678421035,0,75,/fslarge/scratch/users/h61084/codes/seasonal/foundation_models/tasks/seasonal_naive/univariate/WUI_Global/Q/short/run_0/manifest.json,/fslarge/scratch/users/h61084/codes/seasonal/foundation_models/tasks/seasonal_naive/univariate/WUI_Global/Q/short/run_0/evaluation_grid.npz
Water_Quality_Darwin,15T,long,1.591229713377238,1.2352317031576296,1.5257973604856987,0,210,/fslarge/scratch/users/h61084/codes/seasonal/foundation_models/tasks/seasonal_naive/univariate/Water_Quality_Darwin/15T/long/run_0/manifest.json,/fslarge/scratch/users/h61084/codes/seasonal/foundation_models/tasks/seasonal_naive/univariate/Water_Quality_Darwin/15T/long/run_0/evaluation_grid.npz
Water_Quality_Darwin,15T,medium,1.0892248555624096,0.9307003899397323,0.8662032158339698,0,630,/fslarge/scratch/users/h61084/codes/seasonal/foundation_models/tasks/seasonal_naive/univariate/Water_Quality_Darwin/15T/medium/run_0/manifest.json,/fslarge/scratch/users/h61084/codes/seasonal/foundation_models/tasks/seasonal_naive/univariate/Water_Quality_Darwin/15T/medium/run_0/evaluation_grid.npz
Water_Quality_Darwin,15T,short,1.0871610587899843,1.156784190715721,1.3381496638898256,0,3780,/fslarge/scratch/users/h61084/codes/seasonal/foundation_models/tasks/seasonal_naive/univariate/Water_Quality_Darwin/15T/short/run_0/manifest.json,/fslarge/scratch/users/h61084/codes/seasonal/foundation_models/tasks/seasonal_naive/univariate/Water_Quality_Darwin/15T/short/run_0/evaluation_grid.npz
azure2019_D,5T,short,1.0620292713988297,1.3522625111248772,1.8286138989937584,0,8901,/fslarge/scratch/users/h61084/codes/seasonal/foundation_models/tasks/seasonal_naive/univariate/azure2019_D/5T/short/run_0/manifest.json,/fslarge/scratch/users/h61084/codes/seasonal/foundation_models/tasks/seasonal_naive/univariate/azure2019_D/5T/short/run_0/evaluation_grid.npz
azure2019_I,5T,short,0.9861099951301255,0.44951165233184964,0.20206072558210966,0,4428,/fslarge/scratch/users/h61084/codes/seasonal/foundation_models/tasks/seasonal_naive/univariate/azure2019_I/5T/short/run_0/manifest.json,/fslarge/scratch/users/h61084/codes/seasonal/foundation_models/tasks/seasonal_naive/univariate/azure2019_I/5T/short/run_0/evaluation_grid.npz
azure2019_U,5T,short,1.1130542641708217,1.1071539966917516,1.2257899723905192,0,1404,/fslarge/scratch/users/h61084/codes/seasonal/foundation_models/tasks/seasonal_naive/univariate/azure2019_U/5T/short/run_0/manifest.json,/fslarge/scratch/users/h61084/codes/seasonal/foundation_models/tasks/seasonal_naive/univariate/azure2019_U/5T/short/run_0/evaluation_grid.npz
current_velocity,10T,long,1.437499922931037,0.802103190101743,0.6433695275713929,0,300,/fslarge/scratch/users/h61084/codes/seasonal/foundation_models/tasks/seasonal_naive/univariate/current_velocity/10T/long/run_0/manifest.json,/fslarge/scratch/users/h61084/codes/seasonal/foundation_models/tasks/seasonal_naive/univariate/current_velocity/10T/long/run_0/evaluation_grid.npz
current_velocity,10T,medium,1.0437112263446233,0.503041797645842,0.25305105017876023,0,900,/fslarge/scratch/users/h61084/codes/seasonal/foundation_models/tasks/seasonal_naive/univariate/current_velocity/10T/medium/run_0/manifest.json,/fslarge/scratch/users/h61084/codes/seasonal/foundation_models/tasks/seasonal_naive/univariate/current_velocity/10T/medium/run_0/evaluation_grid.npz
current_velocity,10T,short,1.042604019237951,0.6933501705785258,0.4807344590412708,0,7200,/fslarge/scratch/users/h61084/codes/seasonal/foundation_models/tasks/seasonal_naive/univariate/current_velocity/10T/short/run_0/manifest.json,/fslarge/scratch/users/h61084/codes/seasonal/foundation_models/tasks/seasonal_naive/univariate/current_velocity/10T/short/run_0/evaluation_grid.npz
current_velocity,15T,long,1.1285984948447063,0.4334614138351033,0.18788879728392668,0,150,/fslarge/scratch/users/h61084/codes/seasonal/foundation_models/tasks/seasonal_naive/univariate/current_velocity/15T/long/run_0/manifest.json,/fslarge/scratch/users/h61084/codes/seasonal/foundation_models/tasks/seasonal_naive/univariate/current_velocity/15T/long/run_0/evaluation_grid.npz
current_velocity,15T,medium,0.9924470867542217,0.45081101169385884,0.20323056826444055,0,450,/fslarge/scratch/users/h61084/codes/seasonal/foundation_models/tasks/seasonal_naive/univariate/current_velocity/15T/medium/run_0/manifest.json,/fslarge/scratch/users/h61084/codes/seasonal/foundation_models/tasks/seasonal_naive/univariate/current_velocity/15T/medium/run_0/evaluation_grid.npz
current_velocity,15T,short,0.9913714905166404,0.6731188285916804,0.453088957404636,0,3600,/fslarge/scratch/users/h61084/codes/seasonal/foundation_models/tasks/seasonal_naive/univariate/current_velocity/15T/short/run_0/manifest.json,/fslarge/scratch/users/h61084/codes/seasonal/foundation_models/tasks/seasonal_naive/univariate/current_velocity/15T/short/run_0/evaluation_grid.npz
current_velocity,20T,long,1.3236660955006534,0.7576077332727538,0.5739694775146801,0,810,/fslarge/scratch/users/h61084/codes/seasonal/foundation_models/tasks/seasonal_naive/univariate/current_velocity/20T/long/run_0/manifest.json,/fslarge/scratch/users/h61084/codes/seasonal/foundation_models/tasks/seasonal_naive/univariate/current_velocity/20T/long/run_0/evaluation_grid.npz
current_velocity,20T,medium,1.0179042941611798,0.5680338540367944,0.3226624593318943,0,2430,/fslarge/scratch/users/h61084/codes/seasonal/foundation_models/tasks/seasonal_naive/univariate/current_velocity/20T/medium/run_0/manifest.json,/fslarge/scratch/users/h61084/codes/seasonal/foundation_models/tasks/seasonal_naive/univariate/current_velocity/20T/medium/run_0/evaluation_grid.npz
current_velocity,20T,short,1.0157419728083052,0.76667579033384,0.5877917674840182,0,19440,/fslarge/scratch/users/h61084/codes/seasonal/foundation_models/tasks/seasonal_naive/univariate/current_velocity/20T/short/run_0/manifest.json,/fslarge/scratch/users/h61084/codes/seasonal/foundation_models/tasks/seasonal_naive/univariate/current_velocity/20T/short/run_0/evaluation_grid.npz
current_velocity,5T,long,1.0927077660320532,0.5402830164917938,0.29190573790947194,0,30,/fslarge/scratch/users/h61084/codes/seasonal/foundation_models/tasks/seasonal_naive/univariate/current_velocity/5T/long/run_0/manifest.json,/fslarge/scratch/users/h61084/codes/seasonal/foundation_models/tasks/seasonal_naive/univariate/current_velocity/5T/long/run_0/evaluation_grid.npz
current_velocity,5T,medium,0.9106922601897061,0.3394416255246455,0.11522061713881367,0,90,/fslarge/scratch/users/h61084/codes/seasonal/foundation_models/tasks/seasonal_naive/univariate/current_velocity/5T/medium/run_0/manifest.json,/fslarge/scratch/users/h61084/codes/seasonal/foundation_models/tasks/seasonal_naive/univariate/current_velocity/5T/medium/run_0/evaluation_grid.npz
current_velocity,5T,short,0.9105016048084428,0.6198713388750775,0.38424047675878115,0,720,/fslarge/scratch/users/h61084/codes/seasonal/foundation_models/tasks/seasonal_naive/univariate/current_velocity/5T/short/run_0/manifest.json,/fslarge/scratch/users/h61084/codes/seasonal/foundation_models/tasks/seasonal_naive/univariate/current_velocity/5T/short/run_0/evaluation_grid.npz
current_velocity,H,long,1.97807318941371,1.4036918927221869,1.9703509296939952,0,252,/fslarge/scratch/users/h61084/codes/seasonal/foundation_models/tasks/seasonal_naive/univariate/current_velocity/H/long/run_0/manifest.json,/fslarge/scratch/users/h61084/codes/seasonal/foundation_models/tasks/seasonal_naive/univariate/current_velocity/H/long/run_0/evaluation_grid.npz
current_velocity,H,medium,1.8436548434542293,1.1038706965113476,1.2185305146164476,0,504,/fslarge/scratch/users/h61084/codes/seasonal/foundation_models/tasks/seasonal_naive/univariate/current_velocity/H/medium/run_0/manifest.json,/fslarge/scratch/users/h61084/codes/seasonal/foundation_models/tasks/seasonal_naive/univariate/current_velocity/H/medium/run_0/evaluation_grid.npz
current_velocity,H,short,1.0337543563683367,0.6185865299295744,0.3826492950103123,0,3528,/fslarge/scratch/users/h61084/codes/seasonal/foundation_models/tasks/seasonal_naive/univariate/current_velocity/H/short/run_0/manifest.json,/fslarge/scratch/users/h61084/codes/seasonal/foundation_models/tasks/seasonal_naive/univariate/current_velocity/H/short/run_0/evaluation_grid.npz
epf_electricity_price,H,long,1.9954916176600113,1.435931117647782,2.061898174629208,0,75,/fslarge/scratch/users/h61084/codes/seasonal/foundation_models/tasks/seasonal_naive/univariate/epf_electricity_price/H/long/run_0/manifest.json,/fslarge/scratch/users/h61084/codes/seasonal/foundation_models/tasks/seasonal_naive/univariate/epf_electricity_price/H/long/run_0/evaluation_grid.npz
epf_electricity_price,H,medium,1.8635230783637327,1.4710110637576044,2.1638735496972785,0,175,/fslarge/scratch/users/h61084/codes/seasonal/foundation_models/tasks/seasonal_naive/univariate/epf_electricity_price/H/medium/run_0/manifest.json,/fslarge/scratch/users/h61084/codes/seasonal/foundation_models/tasks/seasonal_naive/univariate/epf_electricity_price/H/medium/run_0/evaluation_grid.npz
epf_electricity_price,H,short,1.4287668259022852,1.221694993935422,1.4925386582068707,0,525,/fslarge/scratch/users/h61084/codes/seasonal/foundation_models/tasks/seasonal_naive/univariate/epf_electricity_price/H/short/run_0/manifest.json,/fslarge/scratch/users/h61084/codes/seasonal/foundation_models/tasks/seasonal_naive/univariate/epf_electricity_price/H/short/run_0/evaluation_grid.npz
