model,dataset,frequency,term,horizon_steps,MASE,scaled_MASE,MASE_std,MASE_variance,seasonal_MASE_variance,inference_seconds,prediction_nan_values,prediction_values,domain,reference_loss,reference_scaled_MASE,reference_inference_seconds,loss_ratio_to_reference,paired_improvement_percent
chronos2,Australia_Solar,H,long,168,1.2018281745126123,0.9416618511442288,0.5483988825028004,0.3007413343303203,0.42093784470046247,0.21007609739899635,0,56439,Climate,1.2762842341465261,1.0,0.36444639787077904,0.9416618511442288,5.833814885577116
chronos2,Australia_Solar,H,medium,72,1.1800124167717907,0.8682980074506915,0.6348134682146531,0.4029881394267164,0.6875907422688505,0.502515560016036,0,56439,Climate,1.3589947306642882,1.0,0.665783291682601,0.8682980074506915,13.170199254930848
chronos2,Australia_Solar,H,short,24,1.0801986215576171,0.8743228947714544,0.810968166898839,0.6576693677232631,0.9323109223171446,1.6244224272668362,0,56439,Climate,1.235468758758717,1.0,1.7036103140562773,0.8743228947714544,12.567710522854558
chronos2,Coastal_T_S,15T,long,288,1.3875581107601154,0.8707587642007973,1.0881091527396196,1.1839815282757329,1.3306993853637727,0.35609316267073154,0,194400,Climate,1.5935046166703226,1.0,0.7003484927117825,0.8707587642007973,12.924123579920266
chronos2,Coastal_T_S,15T,medium,96,1.249904498327334,0.8610019760282506,1.0713332032773761,1.1477548324445639,1.2834579947320974,1.0642402078956366,0,194400,Climate,1.4516859811322,1.0,1.3113287333399057,0.8610019760282506,13.899802397174943
chronos2,Coastal_T_S,15T,short,12,1.1305421467327808,0.7807741631203355,1.1399986256225172,1.299596866421228,1.6108624064484944,8.633932314813137,0,194400,Climate,1.447975868226236,1.0,7.719230720773339,0.7807741631203355,21.922583687966444
chronos2,Coastal_T_S,20T,long,216,1.4010791372080962,0.7623737013340763,1.0382638711302885,1.0779918660944523,1.7356310305571765,0.09528536908328533,0,29160,Climate,1.837785242009726,1.0,0.10938471369445324,0.7623737013340763,23.762629866592366
chronos2,Coastal_T_S,20T,medium,72,0.9893873247652253,0.7712892645100224,0.6390491723308408,0.4083838446567327,0.8089647179022766,0.2036834917962551,0,29160,Climate,1.2827707713444634,1.0,0.2092900276184082,0.7712892645100224,22.871073548997757
chronos2,Coastal_T_S,20T,short,9,0.4837238683743286,0.3784291897259098,0.40475140646475044,0.16382370103519364,1.391596656960766,1.715425917878747,0,29160,Climate,1.2782414293270614,1.0,1.2500160355120897,0.3784291897259098,62.15708102740902
chronos2,Coastal_T_S,5T,long,864,1.252382036034176,0.8456190568789844,1.0629670684043102,1.1298989885120536,1.8076699969987622,1.5354538895189762,0,2099520,Climate,1.4810239029575263,1.0,6.811730781570077,0.8456190568789844,15.438094312101558
chronos2,Coastal_T_S,5T,medium,288,1.030877263252768,0.8435526763689123,1.0289278420307564,1.0586925041060693,1.3691485194510418,4.066814675927162,0,2099520,Climate,1.222066258731106,1.0,10.114560516551137,0.8435526763689123,15.644732363108771
chronos2,Coastal_T_S,5T,short,36,0.7896222491456418,0.6481834190583823,0.9763084538059924,0.9531781969730476,1.685129568284737,30.978325570002198,0,2099520,Climate,1.2182080348379292,1.0,48.18329762108624,0.6481834190583823,35.18165809416177
chronos2,Coastal_T_S,H,long,336,2.2993970749811012,0.8687413044985622,3.270865420000294,10.698560595753698,9.314770885075767,0.6750923916697502,0,435456,Climate,2.646814492501095,1.0,1.3307417184114456,0.8687413044985622,13.125869550143776
chronos2,Coastal_T_S,H,medium,168,1.6186084008630783,0.787644250251116,1.5734960211707336,2.4758897286401296,3.0797064254343613,1.2439574021846056,0,435456,Climate,2.05499932278695,1.0,1.8770372215658426,0.787644250251116,21.235574974888404
chronos2,Coastal_T_S,H,short,24,0.9170105849553357,0.7610451411813391,1.5165902284567034,2.300045921050356,2.6970812724109106,6.526400502771139,0,435456,Climate,1.204935864293014,1.0,7.291973510757089,0.7610451411813391,23.895485881866087
chronos2,Crypto,D,short,30,6.229414404066677,1.0097000501280702,5.260729005933562,27.67526967387072,27.688250742146593,0.22353448905050755,0,9720,Finance,6.169569272851417,1.0,0.1304615642875433,1.0097000501280702,-0.9700050128070181
chronos2,EWELD_Load,15T,long,672,0.7839039420360605,0.805583445825203,0.477712702578765,0.22820942620510762,0.237943187485963,0.09806406125426292,0,120960,Energy,0.9730884442803625,1.0,0.3239206336438656,0.805583445825203,19.441655417479698
chronos2,EWELD_Load,15T,medium,96,0.6517499017231616,0.7156200869243586,0.3887161257301279,0.15110022640264062,0.24043824963022473,0.6471758801490068,0,120960,Energy,0.9107484734313388,1.0,0.8218998499214649,0.7156200869243586,28.437991307564136
chronos2,EWELD_Load,15T,short,24,0.5410549755223345,0.5939734485800114,0.47205005577124226,0.22283125515363292,0.6284262662910528,2.847157733514905,0,120960,Energy,0.9109076791493171,1.0,2.521622147411108,0.5939734485800114,40.60265514199885
chronos2,Global_Influenza,W,short,13,2.687638735307393,0.6352501786041488,3.4594214508926644,11.967596774896307,30.38882579215142,0.23693689703941345,0,27540,Healthcare,4.230835072275004,1.0,0.9592583514750004,0.6352501786041488,36.47498213958512
chronos2,Global_Price,Q,short,4,1.427177654123309,0.7670994049743153,1.5014577384862482,2.254375340460239,3.4498076767502495,0.20113585516810417,0,10800,Economics,1.8604859355497676,1.0,1.0270398706197739,0.7670994049743153,23.29005950256847
chronos2,Housing_Inventory,M,short,12,0.5298324093950973,0.7746001702407476,0.2927894925929342,0.08572568697282786,0.15831152058175027,0.2125970870256424,0,1296,Economics,0.6840076077319015,1.0,0.042518192902207375,0.7746001702407476,22.539982975925245
chronos2,JOLTS,M,short,12,0.9042078797292128,0.5364326507424232,0.8184561814037029,0.6698705208779311,0.8877843622848538,0.18847018666565418,0,3240,Economics,1.68559441428069,1.0,0.12467530183494091,0.5364326507424232,46.35673492575768
chronos2,Job_Claims,W,short,13,3.14383480240003,1.1552232026779394,1.4576157403339423,2.1246436464692664,1.8094438105119042,0.21054657548666,0,936,Economics,2.721408984092651,1.0,0.03467201255261898,1.1552232026779394,-15.522320267793944
chronos2,MetroPT-3,5T,long,576,0.6686335696286634,0.7697031603954076,0.10726380241873122,0.011505523309324611,0.022228105801810265,0.08982253074645996,0,80298,Transport,0.8686901704875118,1.0,0.25662210769951344,0.7697031603954076,23.029683960459234
chronos2,MetroPT-3,5T,medium,288,0.6510332169597657,0.7627195008885047,0.11963009967999404,0.01431136074944531,0.019695959012921885,0.1743956096470356,0,80298,Transport,0.8535683382965379,1.0,0.3273764196783304,0.7627195008885047,23.72804991114953
chronos2,MetroPT-3,5T,short,48,0.6120071780108346,0.7013424427645181,0.19064442473566048,0.03634529668279092,0.07601067700804957,1.1435055248439312,0,80298,Transport,0.8726224746907574,1.0,1.047394271939993,0.7013424427645181,29.865755723548194
chronos2,NE_China_Wind,H,long,168,1.203564641776657,0.9042069727404326,0.7800305769335097,0.6084477009512241,0.6787319478156216,0.106172950938344,0,24192,Climate,1.3310720643183538,1.0,0.10447249189019203,0.9042069727404326,9.57930272595674
chronos2,NE_China_Wind,H,medium,72,0.8915087697288963,0.8160283807582627,0.5893853384860852,0.3473750772223573,0.5857512612541707,0.1753155943006277,0,25920,Climate,1.092497259593467,1.0,0.19002198800444603,0.8160283807582627,18.397161924173734
chronos2,NE_China_Wind,H,short,24,0.49645280308376133,0.5965490516104354,0.35813801515039784,0.1282628378958666,0.39953287968674783,0.8576976526528597,0,25920,Climate,0.8322078490336116,1.0,0.4648978114128113,0.5965490516104354,40.34509483895646
chronos2,Oil_Price,B,short,20,1.3434109152905664,0.866901838908831,0.96605146144525,0.9332554261605034,1.308977194348269,1.2827612645924091,0,69984,Finance,1.5496690109476723,1.0,12.73761128820479,0.866901838908831,13.309816109116902
chronos2,OpenElectricity_NEM,5T,long,288,0.7277800559655977,0.7117830610199366,0.3874881954089126,0.15014710158125563,0.21617743752963614,0.6761443838477135,0,362880,Energy,1.0224745372877215,1.0,1.548388870432973,0.7117830610199366,28.82169389800634
chronos2,OpenElectricity_NEM,5T,medium,96,0.5801664817821864,0.5676356985687455,0.3953468037691756,0.15629909525050303,0.5621339027558641,2.03146000392735,0,362880,Energy,1.0220753966761364,1.0,3.178912067785859,0.5676356985687455,43.236430143125446
chronos2,OpenElectricity_NEM,5T,short,24,0.38256966810718757,0.3744558321278641,0.3970587506548639,0.1576556514716014,0.8538266760641295,8.476671669632196,0,362880,Energy,1.021668339182264,1.0,10.443060778081417,0.3744558321278641,62.55441678721358
chronos2,Port_Activity,D,short,30,0.6587580455178945,0.6907909446775197,0.23055050255831952,0.0531535342298937,0.36546784286960077,3.217762650921941,0,641520,Transport,0.9536286637709488,1.0,8.429396253079176,0.6907909446775197,30.92090553224803
chronos2,Port_Activity,W,short,13,0.7793327862026835,0.7988733113320162,0.3147555246209859,0.09907104027943206,0.21474218187417846,0.5649919267743826,0,92664,Transport,0.9755398949343401,1.0,3.7023675721138716,0.7988733113320162,20.112668866798376
chronos2,SG_PM25,H,long,168,0.9613872795889807,0.7446972215904354,0.325448097685637,0.10591646428719992,0.12490674689861864,0.3097974080592394,0,98280,Climate,1.2909773955323274,1.0,0.5505183693021536,0.7446972215904354,25.53027784095646
chronos2,SG_PM25,H,medium,72,0.9262713766391221,0.7815046969507259,0.4310729199793134,0.18582386233949155,0.20283745879242823,0.7197570148855448,0,97200,Climate,1.1852409592075988,1.0,0.9979876652359962,0.7815046969507259,21.849530304927413
chronos2,SG_PM25,H,short,24,0.8697938508370043,0.7421402495275882,0.4242571695312254,0.17999414589864693,0.2568254349370439,2.3806664291769266,0,99360,Climate,1.1720073818805468,1.0,2.634098643437028,0.7421402495275882,25.785975047241184
chronos2,SG_Weather,D,long,14,0.8996563650699254,0.757408476991288,0.40568437996138856,0.16457981614465628,0.5518559441190071,1.1441433914005756,0,75996,Climate,1.1878086823687262,1.0,2.041143773123622,0.757408476991288,24.2591523008712
chronos2,SG_Weather,D,medium,7,0.8880768388465542,0.7524136034517775,0.48357800795848366,0.2338476897810953,0.6201815357152103,2.047043412923813,0,75996,Climate,1.180304070490495,1.0,3.9050807133316994,0.7524136034517775,24.758639654822247
chronos2,SG_Weather,D,short,3,0.8518474893871785,0.7968924694631168,0.5783635060442408,0.3345043451237866,0.6515856757834457,4.826221268624067,0,76428,Climate,1.0689616504483799,1.0,8.924038581550121,0.7968924694631168,20.310753053688323
chronos2,Smart_Manufacturing,H,long,336,0.7110117882880749,0.7094252865029487,0.039934067950313734,0.0015947297830602744,0.0120211297863795,0.21825782395899296,0,365850,Industry,1.0022363197581337,1.0,1.5401713643223047,0.7094252865029487,29.057471349705132
chronos2,Smart_Manufacturing,H,medium,168,0.7112583040053169,0.7070750885992407,0.053463719689721426,0.0028583693230611064,0.01326920601468509,0.3412276729941368,0,365850,Industry,1.0059162251273246,1.0,2.056097447872162,0.7070750885992407,29.292491140075928
chronos2,Smart_Manufacturing,H,short,24,0.7114646384560039,0.7123756061122287,0.1280125292580992,0.016387207647055705,0.03817606606400739,2.655595652759075,0,365850,Industry,0.9987212256449988,1.0,8.228978088125587,0.7123756061122287,28.76243938877713
chronos2,Supply_Chain_Customer,D,short,30,0.5532599382047175,0.36293523418942514,0.23218993591856718,0.05391216634186834,0.7613944839464535,0.6225547306239605,0,116640,Sales,1.5244040426120686,1.0,1.5145772155374289,0.36293523418942514,63.70647658105748
chronos2,Supply_Chain_Location,D,short,30,0.6049073017593081,0.424066140216457,0.22729073363230748,0.05166107759511255,0.5773547972858538,0.8022119756788015,0,165240,Sales,1.4264456517338167,1.0,2.1833340283483267,0.424066140216457,57.593385978354306
chronos2,US_Labor,M,short,12,1.0014785119848475,0.564975767585351,1.7268395026384211,2.98197466787251,2.936809552255237,0.1909192819148302,0,7560,Economics,1.7726043654315742,1.0,0.30578317306935787,0.564975767585351,43.5024232414649
chronos2,US_Term_Structure,B,short,20,1.495406901303508,0.8472618196493663,0.9476559745688263,0.898051846135992,1.0333743744905457,7.176064524799585,0,241200,Finance,1.7649879489699798,1.0,77.26410664245486,0.8472618196493663,15.27381803506337
chronos2,Uncertainty_1M,M,short,6,0.3483185384775645,0.3595686470735416,0.2715395691880628,0.07373373763483874,0.4634703206443205,0.1882578246295452,0,1134,Economics,0.9687122092330922,1.0,0.128484595566988,0.3595686470735416,64.04313529264584
chronos2,Vehicle_Sales,M,short,12,0.8347676413435652,0.6419425789779618,0.5915784869414173,0.34996510621189664,0.8704781233070326,0.1882450208067894,0,5400,Sales,1.3003774304433904,1.0,0.27607775293290615,0.6419425789779618,35.80574210220382
chronos2,Vehicle_Supply,M,short,12,0.709383837497795,0.6377317787460499,0.5874999575031618,0.3451562000662169,0.6181637851735725,0.18787822872400284,0,3240,Economics,1.1123545370322176,1.0,0.13430923037230968,0.6377317787460499,36.22682212539501
chronos2,WUI_Global,Q,short,4,0.9486989791711424,0.7439285982659435,0.6821879571895761,0.4653804089344869,0.6093761678421035,0.18553589098155499,0,2700,Economics,1.2752554228759418,1.0,0.3126157093793154,0.7439285982659435,25.60714017340565
chronos2,Water_Quality_Darwin,15T,long,288,1.3438600557963685,0.8445418310748797,1.2001470719880054,1.4403529944013826,1.5257973604856987,1.0208313520997763,0,544158,Climate,1.591229713377238,1.0,1.976928286254406,0.8445418310748797,15.545816892512033
chronos2,Water_Quality_Darwin,15T,medium,96,0.8597502615495578,0.7893230283527041,0.8508925605185566,0.7240181495458253,0.8662032158339698,2.964181561022997,0,544158,Climate,1.0892248555624096,1.0,3.473233863711357,0.7893230283527041,21.067697164729594
chronos2,Water_Quality_Darwin,15T,short,16,0.6094823944099157,0.5606183090187876,0.7654295555367676,0.5858824044892137,1.3381496638898256,18.992396723479033,0,544158,Climate,1.0871610587899843,1.0,15.371167872101068,0.5606183090187876,43.938169098121236
chronos2,azure2019_D,5T,short,288,0.7178189979723392,0.6758937981312688,1.0831060420395902,1.1731186983026665,1.8286138989937584,44.5327014233917,0,23071392,Unclassified,1.0620292713988297,1.0,79.56320598907769,0.6758937981312688,32.41062018687312
chronos2,azure2019_I,5T,short,288,0.6743310940180272,0.6838294889497023,0.36258742908662556,0.1314696437316487,0.20206072558210966,22.43196304142475,0,11477376,Unclassified,0.9861099951301255,1.0,39.65254486165941,0.6838294889497023,31.61705110502977
chronos2,azure2019_U,5T,short,48,0.6607650521734936,0.5936503488136183,0.9575795512510058,0.9169585969740777,1.2257899723905192,1.5292853713035583,0,606528,Cloud operations,1.1130542641708217,1.0,5.47015979513526,0.5936503488136183,40.63496511863816
chronos2,current_velocity,10T,long,432,0.9316454809403314,0.6481012388791804,0.7219218654628167,0.5211711798333132,0.6433695275713929,1.584635715931654,0,1166184,Climate,1.437499922931037,1.0,3.6355012618005276,0.6481012388791804,35.18987611208196
chronos2,current_velocity,10T,medium,144,0.6789060806388872,0.650473103577329,0.3840414186056275,0.14748781120462284,0.25305105017876023,4.344946587458253,0,1166184,Climate,1.0437112263446233,1.0,6.013604203239083,0.650473103577329,34.952689642267096
chronos2,current_velocity,10T,short,18,0.5194504740187809,0.4982241238609957,0.36295210966394853,0.13173423390951092,0.4807344590412708,33.50611853227019,0,1166184,Climate,1.042604019237951,1.0,31.680090492591262,0.4982241238609957,50.17758761390043
chronos2,current_velocity,15T,long,288,0.8331182837324931,0.7381883703886466,0.4264630203402527,0.18187070771773076,0.18788879728392668,0.7104298360645771,0,388800,Climate,1.1285984948447063,1.0,1.367406515404582,0.7381883703886466,26.18116296113534
chronos2,current_velocity,15T,medium,96,0.7241171493827121,0.7296279661124532,0.40405155127113823,0.16325765608461323,0.20323056826444055,1.714488673955202,0,388800,Climate,0.9924470867542217,1.0,2.295259775593877,0.7296279661124532,27.037203388754683
chronos2,current_velocity,15T,short,12,0.5007411130559184,0.5050993677405062,0.370423337418388,0.13721344890417694,0.453088957404636,12.134375179186463,0,388800,Climate,0.9913714905166404,1.0,12.934377044439316,0.5050993677405062,49.49006322594938
chronos2,current_velocity,20T,long,216,1.0349358614818083,0.7818707943035755,0.6976374435518404,0.4866980026455474,0.5739694775146801,3.4409340750426054,0,1574640,Climate,1.3236660955006534,1.0,5.839939741417766,0.7818707943035755,21.812920569642447
chronos2,current_velocity,20T,medium,72,0.7299694722683221,0.7171297699160067,0.42078303966854297,0.1770583664726986,0.3226624593318943,9.41227262839675,0,1574640,Climate,1.0179042941611798,1.0,11.161925012245774,0.7171297699160067,28.287023008399327
chronos2,current_velocity,20T,short,9,0.4727036485451953,0.46537768567175847,0.3362000653035052,0.11303048391008118,0.5877917674840182,61.059814048931,0,1574640,Climate,1.0157419728083052,1.0,66.02086149714887,0.46537768567175847,53.46223143282416
chronos2,current_velocity,5T,long,864,0.8498128607052333,0.7777128406354761,0.38290662610168397,0.14661748431257482,0.29190573790947194,0.16537532024085522,0,233280,Climate,1.0927077660320532,1.0,0.6847126875072718,0.7777128406354761,22.228715936452392
chronos2,current_velocity,5T,medium,288,0.5887550969808875,0.6464918202535772,0.31666406544864184,0.10027613034646171,0.11522061713881367,0.4173429775983095,0,233280,Climate,0.9106922601897061,1.0,0.8513255435973406,0.6464918202535772,35.35081797464228
chronos2,current_velocity,5T,short,36,0.3706701929271874,0.4071054800668598,0.3024086970579897,0.09145102005631098,0.38424047675878115,3.5260367542505264,0,233280,Climate,0.9105016048084428,1.0,3.5645995773375034,0.4071054800668598,59.28945199331401
chronos2,current_velocity,H,long,336,1.353132705831222,0.6840660462276843,1.2101044402836905,1.4643527563943035,1.9703509296939952,0.6601189766079187,0,762048,Climate,1.97807318941371,1.0,2.397734012454748,0.6840660462276843,31.59339537723157
chronos2,current_velocity,H,medium,168,1.1473694546649549,0.6223341959795847,0.9173868595481307,0.8415986500715817,1.2185305146164476,1.2962880432605743,0,762048,Climate,1.8436548434542293,1.0,3.0831002853810787,0.6223341959795847,37.76658040204153
chronos2,current_velocity,H,short,24,0.6887220923168162,0.6662337992328787,0.46794063824903037,0.21896844092490989,0.3826492950103123,7.23914753831923,0,762048,Climate,1.0337543563683367,1.0,12.391531351953745,0.6662337992328787,33.37662007671213
seasonal_naive,SG_Weather,D,short,3,1.0689616504483799,1.0,0.8072085701870649,0.6515856757834457,0.6515856757834457,8.924038581550121,0,76428,Climate,1.0689616504483799,1.0,8.924038581550121,1.0,0.0
seasonal_naive,current_velocity,15T,short,12,0.9913714905166404,1.0,0.6731188285916804,0.453088957404636,0.453088957404636,12.934377044439316,0,388800,Climate,0.9913714905166404,1.0,12.934377044439316,1.0,0.0
seasonal_naive,SG_PM25,H,medium,72,1.1852409592075988,1.0,0.4503747981319872,0.20283745879242823,0.20283745879242823,0.9979876652359962,0,97200,Climate,1.1852409592075988,1.0,0.9979876652359962,1.0,0.0
seasonal_naive,Coastal_T_S,20T,long,216,1.837785242009726,1.0,1.3174335013795484,1.7356310305571765,1.7356310305571765,0.10938471369445324,0,29160,Climate,1.837785242009726,1.0,0.10938471369445324,1.0,0.0
seasonal_naive,Supply_Chain_Customer,D,short,30,1.5244040426120686,1.0,0.8725792135654238,0.7613944839464535,0.7613944839464535,1.5145772155374289,0,116640,Sales,1.5244040426120686,1.0,1.5145772155374289,1.0,0.0
seasonal_naive,Coastal_T_S,15T,long,288,1.5935046166703226,1.0,1.1535594416256896,1.3306993853637727,1.3306993853637727,0.7003484927117825,0,194400,Climate,1.5935046166703226,1.0,0.7003484927117825,1.0,0.0
seasonal_naive,Coastal_T_S,H,long,336,2.646814492501095,1.0,3.0520109575615497,9.314770885075767,9.314770885075767,1.3307417184114456,0,435456,Climate,2.646814492501095,1.0,1.3307417184114456,1.0,0.0
seasonal_naive,SG_PM25,H,short,24,1.1720073818805468,1.0,0.5067794736737509,0.2568254349370439,0.2568254349370439,2.634098643437028,0,99360,Climate,1.1720073818805468,1.0,2.634098643437028,1.0,0.0
seasonal_naive,current_velocity,20T,medium,72,1.0179042941611798,1.0,0.5680338540367944,0.3226624593318943,0.3226624593318943,11.161925012245774,0,1574640,Climate,1.0179042941611798,1.0,11.161925012245774,1.0,0.0
seasonal_naive,current_velocity,10T,long,432,1.437499922931037,1.0,0.802103190101743,0.6433695275713929,0.6433695275713929,3.6355012618005276,0,1166184,Climate,1.437499922931037,1.0,3.6355012618005276,1.0,0.0
seasonal_naive,OpenElectricity_NEM,5T,long,288,1.0224745372877215,1.0,0.4649488547460206,0.21617743752963614,0.21617743752963614,1.548388870432973,0,362880,Energy,1.0224745372877215,1.0,1.548388870432973,1.0,0.0
seasonal_naive,Water_Quality_Darwin,15T,medium,96,1.0892248555624096,1.0,0.9307003899397323,0.8662032158339698,0.8662032158339698,3.473233863711357,0,544158,Climate,1.0892248555624096,1.0,3.473233863711357,1.0,0.0
seasonal_naive,current_velocity,20T,short,9,1.0157419728083052,1.0,0.76667579033384,0.5877917674840182,0.5877917674840182,66.02086149714887,0,1574640,Climate,1.0157419728083052,1.0,66.02086149714887,1.0,0.0
seasonal_naive,WUI_Global,Q,short,4,1.2752554228759418,1.0,0.7806254978170413,0.6093761678421035,0.6093761678421035,0.3126157093793154,0,2700,Economics,1.2752554228759418,1.0,0.3126157093793154,1.0,0.0
seasonal_naive,Port_Activity,D,short,30,0.9536286637709488,1.0,0.6045393642018696,0.36546784286960077,0.36546784286960077,8.429396253079176,0,641520,Transport,0.9536286637709488,1.0,8.429396253079176,1.0,0.0
seasonal_naive,Crypto,D,short,30,6.169569272851417,1.0,5.261962632150346,27.688250742146593,27.688250742146593,0.1304615642875433,0,9720,Finance,6.169569272851417,1.0,0.1304615642875433,1.0,0.0
seasonal_naive,Water_Quality_Darwin,15T,short,16,1.0871610587899843,1.0,1.156784190715721,1.3381496638898256,1.3381496638898256,15.371167872101068,0,544158,Climate,1.0871610587899843,1.0,15.371167872101068,1.0,0.0
seasonal_naive,MetroPT-3,5T,long,576,0.8686901704875118,1.0,0.14909093131981657,0.022228105801810265,0.022228105801810265,0.25662210769951344,0,80298,Transport,0.8686901704875118,1.0,0.25662210769951344,1.0,0.0
seasonal_naive,Oil_Price,B,short,20,1.5496690109476723,1.0,1.1441054122537264,1.308977194348269,1.308977194348269,12.73761128820479,0,69984,Finance,1.5496690109476723,1.0,12.73761128820479,1.0,0.0
seasonal_naive,Housing_Inventory,M,short,12,0.6840076077319015,1.0,0.39788380286429137,0.15831152058175027,0.15831152058175027,0.042518192902207375,0,1296,Economics,0.6840076077319015,1.0,0.042518192902207375,1.0,0.0
seasonal_naive,Vehicle_Supply,M,short,12,1.1123545370322176,1.0,0.786233925224276,0.6181637851735725,0.6181637851735725,0.13430923037230968,0,3240,Economics,1.1123545370322176,1.0,0.13430923037230968,1.0,0.0
seasonal_naive,current_velocity,5T,long,864,1.0927077660320532,1.0,0.5402830164917938,0.29190573790947194,0.29190573790947194,0.6847126875072718,0,233280,Climate,1.0927077660320532,1.0,0.6847126875072718,1.0,0.0
seasonal_naive,Coastal_T_S,20T,medium,72,1.2827707713444634,1.0,0.8994246593808047,0.8089647179022766,0.8089647179022766,0.2092900276184082,0,29160,Climate,1.2827707713444634,1.0,0.2092900276184082,1.0,0.0
seasonal_naive,Smart_Manufacturing,H,long,336,1.0022363197581337,1.0,0.10964091292204521,0.0120211297863795,0.0120211297863795,1.5401713643223047,0,365850,Industry,1.0022363197581337,1.0,1.5401713643223047,1.0,0.0
seasonal_naive,US_Labor,M,short,12,1.7726043654315742,1.0,1.713712213954034,2.936809552255237,2.936809552255237,0.30578317306935787,0,7560,Economics,1.7726043654315742,1.0,0.30578317306935787,1.0,0.0
seasonal_naive,Coastal_T_S,15T,medium,96,1.4516859811322,1.0,1.1328980513409392,1.2834579947320974,1.2834579947320974,1.3113287333399057,0,194400,Climate,1.4516859811322,1.0,1.3113287333399057,1.0,0.0
seasonal_naive,Coastal_T_S,H,medium,168,2.05499932278695,1.0,1.7549092356684324,3.0797064254343613,3.0797064254343613,1.8770372215658426,0,435456,Climate,2.05499932278695,1.0,1.8770372215658426,1.0,0.0
seasonal_naive,US_Term_Structure,B,short,20,1.7649879489699798,1.0,1.016550232153112,1.0333743744905457,1.0333743744905457,77.26410664245486,0,241200,Finance,1.7649879489699798,1.0,77.26410664245486,1.0,0.0
seasonal_naive,Coastal_T_S,15T,short,12,1.447975868226236,1.0,1.26919754429659,1.6108624064484944,1.6108624064484944,7.719230720773339,0,194400,Climate,1.447975868226236,1.0,7.719230720773339,1.0,0.0
seasonal_naive,Coastal_T_S,H,short,24,1.204935864293014,1.0,1.6422792918413454,2.6970812724109106,2.6970812724109106,7.291973510757089,0,435456,Climate,1.204935864293014,1.0,7.291973510757089,1.0,0.0
seasonal_naive,Global_Price,Q,short,4,1.8604859355497676,1.0,1.8573657897006313,3.4498076767502495,3.4498076767502495,1.0270398706197739,0,10800,Economics,1.8604859355497676,1.0,1.0270398706197739,1.0,0.0
seasonal_naive,current_velocity,10T,medium,144,1.0437112263446233,1.0,0.503041797645842,0.25305105017876023,0.25305105017876023,6.013604203239083,0,1166184,Climate,1.0437112263446233,1.0,6.013604203239083,1.0,0.0
seasonal_naive,Coastal_T_S,20T,short,9,1.2782414293270614,1.0,1.1796595512946801,1.391596656960766,1.391596656960766,1.2500160355120897,0,29160,Climate,1.2782414293270614,1.0,1.2500160355120897,1.0,0.0
seasonal_naive,EWELD_Load,15T,long,672,0.9730884442803625,1.0,0.4877942060807641,0.237943187485963,0.237943187485963,0.3239206336438656,0,120960,Energy,0.9730884442803625,1.0,0.3239206336438656,1.0,0.0
seasonal_naive,current_velocity,10T,short,18,1.042604019237951,1.0,0.6933501705785258,0.4807344590412708,0.4807344590412708,31.680090492591262,0,1166184,Climate,1.042604019237951,1.0,31.680090492591262,1.0,0.0
seasonal_naive,OpenElectricity_NEM,5T,medium,96,1.0220753966761364,1.0,0.7497558954458872,0.5621339027558641,0.5621339027558641,3.178912067785859,0,362880,Energy,1.0220753966761364,1.0,3.178912067785859,1.0,0.0
seasonal_naive,Coastal_T_S,5T,long,864,1.4810239029575263,1.0,1.344496187052519,1.8076699969987622,1.8076699969987622,6.811730781570077,0,2099520,Climate,1.4810239029575263,1.0,6.811730781570077,1.0,0.0
seasonal_naive,MetroPT-3,5T,medium,288,0.8535683382965379,1.0,0.1403422923174689,0.019695959012921885,0.019695959012921885,0.3273764196783304,0,80298,Transport,0.8535683382965379,1.0,0.3273764196783304,1.0,0.0
seasonal_naive,Australia_Solar,H,long,168,1.2762842341465261,1.0,0.6487972292638606,0.42093784470046247,0.42093784470046247,0.36444639787077904,0,56439,Climate,1.2762842341465261,1.0,0.36444639787077904,1.0,0.0
seasonal_naive,NE_China_Wind,H,long,168,1.3310720643183538,1.0,0.8238518967724852,0.6787319478156216,0.6787319478156216,0.10447249189019203,0,24192,Climate,1.3310720643183538,1.0,0.10447249189019203,1.0,0.0
seasonal_naive,current_velocity,H,long,336,1.97807318941371,1.0,1.4036918927221869,1.9703509296939952,1.9703509296939952,2.397734012454748,0,762048,Climate,1.97807318941371,1.0,2.397734012454748,1.0,0.0
seasonal_naive,OpenElectricity_NEM,5T,short,24,1.021668339182264,1.0,0.9240274217057249,0.8538266760641295,0.8538266760641295,10.443060778081417,0,362880,Energy,1.021668339182264,1.0,10.443060778081417,1.0,0.0
seasonal_naive,Global_Influenza,W,short,13,4.230835072275004,1.0,5.512606079900088,30.38882579215142,30.38882579215142,0.9592583514750004,0,27540,Healthcare,4.230835072275004,1.0,0.9592583514750004,1.0,0.0
seasonal_naive,MetroPT-3,5T,short,48,0.8726224746907574,1.0,0.2757003391511327,0.07601067700804957,0.07601067700804957,1.047394271939993,0,80298,Transport,0.8726224746907574,1.0,1.047394271939993,1.0,0.0
seasonal_naive,current_velocity,5T,medium,288,0.9106922601897061,1.0,0.3394416255246455,0.11522061713881367,0.11522061713881367,0.8513255435973406,0,233280,Climate,0.9106922601897061,1.0,0.8513255435973406,1.0,0.0
seasonal_naive,Job_Claims,W,short,13,2.721408984092651,1.0,1.3451556826300457,1.8094438105119042,1.8094438105119042,0.03467201255261898,0,936,Economics,2.721408984092651,1.0,0.03467201255261898,1.0,0.0
seasonal_naive,Smart_Manufacturing,H,medium,168,1.0059162251273246,1.0,0.11519203971926659,0.01326920601468509,0.01326920601468509,2.056097447872162,0,365850,Industry,1.0059162251273246,1.0,2.056097447872162,1.0,0.0
seasonal_naive,Vehicle_Sales,M,short,12,1.3003774304433904,1.0,0.9329941711002446,0.8704781233070326,0.8704781233070326,0.27607775293290615,0,5400,Sales,1.3003774304433904,1.0,0.27607775293290615,1.0,0.0
seasonal_naive,Supply_Chain_Location,D,short,30,1.4264456517338167,1.0,0.7598386653006373,0.5773547972858538,0.5773547972858538,2.1833340283483267,0,165240,Sales,1.4264456517338167,1.0,2.1833340283483267,1.0,0.0
seasonal_naive,EWELD_Load,15T,medium,96,0.9107484734313388,1.0,0.4903450312078473,0.24043824963022473,0.24043824963022473,0.8218998499214649,0,120960,Energy,0.9107484734313388,1.0,0.8218998499214649,1.0,0.0
seasonal_naive,current_velocity,20T,long,216,1.3236660955006534,1.0,0.7576077332727538,0.5739694775146801,0.5739694775146801,5.839939741417766,0,1574640,Climate,1.3236660955006534,1.0,5.839939741417766,1.0,0.0
seasonal_naive,current_velocity,5T,short,36,0.9105016048084428,1.0,0.6198713388750775,0.38424047675878115,0.38424047675878115,3.5645995773375034,0,233280,Climate,0.9105016048084428,1.0,3.5645995773375034,1.0,0.0
seasonal_naive,Smart_Manufacturing,H,short,24,0.9987212256449988,1.0,0.19538696492859342,0.03817606606400739,0.03817606606400739,8.228978088125587,0,365850,Industry,0.9987212256449988,1.0,8.228978088125587,1.0,0.0
seasonal_naive,EWELD_Load,15T,short,24,0.9109076791493171,1.0,0.7927334143903945,0.6284262662910528,0.6284262662910528,2.521622147411108,0,120960,Energy,0.9109076791493171,1.0,2.521622147411108,1.0,0.0
seasonal_naive,SG_Weather,D,long,14,1.1878086823687262,1.0,0.7428700721653868,0.5518559441190071,0.5518559441190071,2.041143773123622,0,75996,Climate,1.1878086823687262,1.0,2.041143773123622,1.0,0.0
seasonal_naive,Coastal_T_S,5T,medium,288,1.222066258731106,1.0,1.1701062000737548,1.3691485194510418,1.3691485194510418,10.114560516551137,0,2099520,Climate,1.222066258731106,1.0,10.114560516551137,1.0,0.0
seasonal_naive,current_velocity,15T,long,288,1.1285984948447063,1.0,0.4334614138351033,0.18788879728392668,0.18788879728392668,1.367406515404582,0,388800,Climate,1.1285984948447063,1.0,1.367406515404582,1.0,0.0
seasonal_naive,Australia_Solar,H,medium,72,1.3589947306642882,1.0,0.829210915430357,0.6875907422688505,0.6875907422688505,0.665783291682601,0,56439,Climate,1.3589947306642882,1.0,0.665783291682601,1.0,0.0
seasonal_naive,NE_China_Wind,H,medium,72,1.092497259593467,1.0,0.7653438843122552,0.5857512612541707,0.5857512612541707,0.19002198800444603,0,25920,Climate,1.092497259593467,1.0,0.19002198800444603,1.0,0.0
seasonal_naive,azure2019_U,5T,short,48,1.1130542641708217,1.0,1.1071539966917516,1.2257899723905192,1.2257899723905192,5.47015979513526,0,606528,Cloud operations,1.1130542641708217,1.0,5.47015979513526,1.0,0.0
seasonal_naive,current_velocity,H,medium,168,1.8436548434542293,1.0,1.1038706965113476,1.2185305146164476,1.2185305146164476,3.0831002853810787,0,762048,Climate,1.8436548434542293,1.0,3.0831002853810787,1.0,0.0
seasonal_naive,azure2019_D,5T,short,288,1.0620292713988297,1.0,1.3522625111248772,1.8286138989937584,1.8286138989937584,79.56320598907769,0,23071392,Unclassified,1.0620292713988297,1.0,79.56320598907769,1.0,0.0
seasonal_naive,Coastal_T_S,5T,short,36,1.2182080348379292,1.0,1.2981254054538556,1.685129568284737,1.685129568284737,48.18329762108624,0,2099520,Climate,1.2182080348379292,1.0,48.18329762108624,1.0,0.0
seasonal_naive,current_velocity,H,short,24,1.0337543563683367,1.0,0.6185865299295744,0.3826492950103123,0.3826492950103123,12.391531351953745,0,762048,Climate,1.0337543563683367,1.0,12.391531351953745,1.0,0.0
seasonal_naive,Australia_Solar,H,short,24,1.235468758758717,1.0,0.9655624901150337,0.9323109223171446,0.9323109223171446,1.7036103140562773,0,56439,Climate,1.235468758758717,1.0,1.7036103140562773,1.0,0.0
seasonal_naive,NE_China_Wind,H,short,24,0.8322078490336116,1.0,0.6320861331232855,0.39953287968674783,0.39953287968674783,0.4648978114128113,0,25920,Climate,0.8322078490336116,1.0,0.4648978114128113,1.0,0.0
seasonal_naive,SG_PM25,H,long,168,1.2909773955323274,1.0,0.353421486186987,0.12490674689861864,0.12490674689861864,0.5505183693021536,0,98280,Climate,1.2909773955323274,1.0,0.5505183693021536,1.0,0.0
seasonal_naive,azure2019_I,5T,short,288,0.9861099951301255,1.0,0.44951165233184964,0.20206072558210966,0.20206072558210966,39.65254486165941,0,11477376,Unclassified,0.9861099951301255,1.0,39.65254486165941,1.0,0.0
seasonal_naive,Port_Activity,W,short,13,0.9755398949343401,1.0,0.46340282894494556,0.21474218187417846,0.21474218187417846,3.7023675721138716,0,92664,Transport,0.9755398949343401,1.0,3.7023675721138716,1.0,0.0
seasonal_naive,JOLTS,M,short,12,1.68559441428069,1.0,0.9422230958137535,0.8877843622848538,0.8877843622848538,0.12467530183494091,0,3240,Economics,1.68559441428069,1.0,0.12467530183494091,1.0,0.0
seasonal_naive,Uncertainty_1M,M,short,6,0.9687122092330922,1.0,0.6807865455811538,0.4634703206443205,0.4634703206443205,0.128484595566988,0,1134,Economics,0.9687122092330922,1.0,0.128484595566988,1.0,0.0
seasonal_naive,Water_Quality_Darwin,15T,long,288,1.591229713377238,1.0,1.2352317031576296,1.5257973604856987,1.5257973604856987,1.976928286254406,0,544158,Climate,1.591229713377238,1.0,1.976928286254406,1.0,0.0
seasonal_naive,SG_Weather,D,medium,7,1.180304070490495,1.0,0.7875160542587117,0.6201815357152103,0.6201815357152103,3.9050807133316994,0,75996,Climate,1.180304070490495,1.0,3.9050807133316994,1.0,0.0
seasonal_naive,current_velocity,15T,medium,96,0.9924470867542217,1.0,0.45081101169385884,0.20323056826444055,0.20323056826444055,2.295259775593877,0,388800,Climate,0.9924470867542217,1.0,2.295259775593877,1.0,0.0
