model,dataset,frequency,term,horizon_steps,MASE,scaled_MASE,MASE_std,MASE_variance,seasonal_MASE_variance,inference_seconds,domain,reference_loss,reference_scaled_MASE,reference_inference_seconds,loss_ratio_to_reference,paired_improvement_percent
chronos2,Australia_Solar,H,long,168,1.2018281745126123,0.9416618511442288,0.5483988825028004,0.3007413343303203,0.42093784470046247,0.2092613074928522,Climate,1.2762842341465261,1.0,0.36489084642380476,0.9416618511442288,5.833814885577116
chronos2,Australia_Solar,H,medium,72,1.1800124167717907,0.8682980074506915,0.6348134682146531,0.4029881394267164,0.6875907422688505,0.4974846187978983,Climate,1.3589947306642882,1.0,0.6641839258372784,0.8682980074506915,13.170199254930848
chronos2,Australia_Solar,H,short,24,1.0801986215576171,0.8743228947714544,0.810968166898839,0.6576693677232631,0.9323109223171446,1.626800699159503,Climate,1.235468758758717,1.0,1.7007500659674406,0.8743228947714544,12.567710522854558
chronos_bolt,Australia_Solar,H,long,168,1.201433091645914,0.9413522940282448,0.6010582387692367,0.3612710063923768,0.42093784470046247,0.8342192843556404,Climate,1.2762842341465261,1.0,0.36489084642380476,0.9413522940282448,5.864770597175517
chronos_bolt,Australia_Solar,H,medium,72,1.1872985525551225,0.8736594232229001,0.6483106105803038,0.4203066477910064,0.6875907422688505,1.090437576174736,Climate,1.3589947306642882,1.0,0.6641839258372784,0.8736594232229001,12.634057677709986
chronos_bolt,Australia_Solar,H,short,24,1.1027190648704128,0.892551152793472,0.8258981161013979,0.682107698179838,0.9323109223171446,0.7033515516668558,Climate,1.235468758758717,1.0,1.7007500659674406,0.892551152793472,10.744884720652802
ts_icl,Australia_Solar,H,long,168,1.111845003542755,0.8711578297339584,0.49642875543185283,0.24644150921961835,0.42093784470046247,0.9029304590076208,Climate,1.2762842341465261,1.0,0.36489084642380476,0.8711578297339584,12.884217026604162
ts_icl,Australia_Solar,H,medium,72,1.1419134558402046,0.8402633432449201,0.5905637853973333,0.3487655846228276,0.6875907422688505,2.1380635970272124,Climate,1.3589947306642882,1.0,0.6641839258372784,0.8402633432449201,15.973665675507986
ts_icl,Australia_Solar,H,short,24,1.0643945028329198,0.8615308928590987,0.8157588596668807,0.6654625171250095,0.9323109223171446,6.120434910990298,Climate,1.235468758758717,1.0,1.7007500659674406,0.8615308928590987,13.846910714090132
chronos2,Auto_Production_SF,M,short,12,0.6043605475858413,0.6272780561526403,0.14086698570498227,0.01984350766160768,0.1698127796753019,0.21096145547926426,Economics,0.9634651517903213,1.0,0.024433504790067673,0.6272780561526403,37.27219438473597
chronos_bolt,Auto_Production_SF,M,short,12,1.0324059356330573,1.0715550362300386,0.2201815228105807,0.048479902987186275,0.1698127796753019,0.24986837059259415,Economics,0.9634651517903213,1.0,0.024433504790067673,1.0715550362300386,-7.155503623003856
ts_icl,Auto_Production_SF,M,short,12,0.8833127368059295,0.916808184670248,0.24298659391688243,0.059042484823327926,0.1698127796753019,0.22348758997395635,Economics,0.9634651517903213,1.0,0.024433504790067673,0.916808184670248,8.319181532975195
chronos2,CPHL,15T,long,288,1.1569175338572653,0.7431837188676761,0.4260351872588614,0.18150598078269312,0.9348312901421038,0.04715212062001228,Climate,1.556704626979664,1.0,0.08728386927396059,0.7431837188676761,25.681628113232392
chronos2,CPHL,15T,medium,96,1.065225535608098,0.775940065614347,0.6680661285833984,0.4463123521604098,0.6233469173388662,0.14742574468255043,Climate,1.37281934883039,1.0,0.15893543139100075,0.775940065614347,22.405993438565297
chronos2,CPHL,15T,short,12,0.6512083950143714,0.47578666614966564,0.6998075043932335,0.4897305432050854,1.2103073573379792,1.3354679998010397,Climate,1.3686982871636935,1.0,0.8933454435318708,0.47578666614966564,52.42133338503343
chronos_bolt,CPHL,15T,long,288,1.202757658522571,0.7726306183441974,0.48688862746289285,0.23706053555269965,0.9348312901421038,0.3907641638070345,Climate,1.556704626979664,1.0,0.08728386927396059,0.7726306183441974,22.736938165580256
chronos_bolt,CPHL,15T,medium,96,1.063731294575291,0.7748516186645863,0.6831529075045506,0.466697895031921,0.6233469173388662,0.38450803235173225,Climate,1.37281934883039,1.0,0.15893543139100075,0.7748516186645863,22.51483813354137
chronos_bolt,CPHL,15T,short,12,0.656110489198097,0.47936824013839624,0.7044300796257641,0.49622173708156037,1.2103073573379792,0.9495211541652679,Climate,1.3686982871636935,1.0,0.8933454435318708,0.47936824013839624,52.063175986160374
ts_icl,CPHL,15T,long,288,1.1912087384583099,0.7652117927917428,0.5189998297249171,0.26936082325449295,0.9348312901421038,0.2783524412661791,Climate,1.556704626979664,1.0,0.08728386927396059,0.7652117927917428,23.478820720825723
ts_icl,CPHL,15T,medium,96,1.0817674350374027,0.7879896476976693,0.6606872151574578,0.43650759627251684,0.6233469173388662,0.7324857842177153,Climate,1.37281934883039,1.0,0.15893543139100075,0.7879896476976693,21.201035230233067
ts_icl,CPHL,15T,short,12,0.6590360706082912,0.4815057319710606,0.6875696668349319,0.47275204675149923,1.2103073573379792,6.105039342772216,Climate,1.3686982871636935,1.0,0.8933454435318708,0.4815057319710606,51.84942680289394
chronos2,CPHL,30T,long,144,1.7964635512898783,0.807887085239443,0.9683303472969411,0.9376636614962145,1.6073134698343936,0.10045627690851688,Climate,2.2236567264315648,1.0,0.13040409795939922,0.807887085239443,19.211291476055703
chronos2,CPHL,30T,medium,48,1.5182478312316134,0.801888244042546,0.9574351493573398,0.9166820652249115,1.4876388063522994,0.2861629482358694,Climate,1.893340926882399,1.0,0.283974077552557,0.801888244042546,19.8111755957454
chronos2,CPHL,30T,short,12,1.369510162917805,0.7148483192029693,1.006554438691692,1.0131518380499471,2.00872837438365,1.3375385981053114,Climate,1.9158052500490743,1.0,0.9665918750688434,0.7148483192029693,28.515168079703066
chronos_bolt,CPHL,30T,long,144,1.9159433983126628,0.8616183314352175,1.0327211046263514,1.0665128799406716,1.6073134698343936,0.41750631481409073,Climate,2.2236567264315648,1.0,0.13040409795939922,0.8616183314352175,13.838166856478251
chronos_bolt,CPHL,30T,medium,48,1.5695327782076256,0.8289752552869808,0.9341613766293314,0.8726574775860075,1.4876388063522994,0.10751798376441002,Climate,1.893340926882399,1.0,0.283974077552557,0.8289752552869808,17.10247447130192
chronos_bolt,CPHL,30T,short,12,1.4040590147394727,0.732881912033338,0.9908685937638231,0.9818205701074963,2.00872837438365,0.6966291572898626,Climate,1.9158052500490743,1.0,0.9665918750688434,0.732881912033338,26.711808796666205
ts_icl,CPHL,30T,long,144,1.8194283328811713,0.8182145702861777,0.9723053929440609,0.9453777771481047,1.6073134698343936,0.4915724261663854,Climate,2.2236567264315648,1.0,0.13040409795939922,0.8182145702861777,18.178542971382228
ts_icl,CPHL,30T,medium,48,1.5527782568287,0.8201260717400357,0.9757767575509083,0.9521402805765642,1.4876388063522994,1.393306595273316,Climate,1.893340926882399,1.0,0.283974077552557,0.8201260717400357,17.98739282599643
ts_icl,CPHL,30T,short,12,1.386630846888305,0.723784866365089,0.9963323569745067,0.9926781655543758,2.00872837438365,5.626720207743347,Climate,1.9158052500490743,1.0,0.9665918750688434,0.723784866365089,27.6215133634911
chronos2,CPHL,H,long,336,2.139118123635133,0.8474232166084327,0.7135558023180002,0.509161883021685,1.3278778683794659,0.04405701160430908,Climate,2.524261882033793,1.0,0.07477753702551126,0.8474232166084327,15.257678339156733
chronos2,CPHL,H,medium,168,1.8356686518765377,0.8240486507551307,0.7463910255879903,0.557099563078292,0.6049068284587019,0.07487187348306179,Climate,2.2276216946589162,1.0,0.1013115681707859,0.8240486507551307,17.59513492448693
chronos2,CPHL,H,short,24,1.242231586401445,0.7985822986378156,0.823487584800338,0.6781318023202939,0.9459225828742138,0.5722965057939291,Climate,1.5555461077967614,1.0,0.4137184591963887,0.7985822986378156,20.14177013621844
chronos_bolt,CPHL,H,long,336,2.1537965293959545,0.853238146455963,0.838506938916045,0.703093886610356,1.3278778683794659,0.371295565739274,Climate,2.524261882033793,1.0,0.07477753702551126,0.853238146455963,14.676185354403703
chronos_bolt,CPHL,H,medium,168,1.9464693816144993,0.8737881240254909,0.8771552998162625,0.7694014199957573,0.6049068284587019,0.3250382300466299,Climate,2.2276216946589162,1.0,0.1013115681707859,0.8737881240254909,12.621187597450911
chronos_bolt,CPHL,H,short,24,1.316102276045098,0.8460708875477784,0.8662887053598273,0.7504561210340057,0.9459225828742138,0.38738686591386795,Climate,1.5555461077967614,1.0,0.4137184591963887,0.8460708875477784,15.392911245222162
ts_icl,CPHL,H,long,336,2.0108007570754864,0.7965895976907863,0.655035583452054,0.4290716155883728,1.3278778683794659,0.25543982116505504,Climate,2.524261882033793,1.0,0.07477753702551126,0.7965895976907863,20.34104023092137
ts_icl,CPHL,H,medium,168,1.8097602851403476,0.8124181450914852,0.7277884497448394,0.5296760275819965,0.6049068284587019,0.4849316719919443,Climate,2.2276216946589162,1.0,0.1013115681707859,0.8124181450914852,18.758185490851474
ts_icl,CPHL,H,short,24,1.239956715693167,0.7971198728717931,0.8214185015739649,0.6747283547280178,0.9459225828742138,3.0925784301944077,Climate,1.5555461077967614,1.0,0.4137184591963887,0.7971198728717931,20.28801271282069
chronos2,Coastal_T_S,15T,long,288,1.3875581107601154,0.8707587642007973,1.0881091527396196,1.1839815282757329,1.3306993853637727,0.35761615075170994,Climate,1.5935046166703226,1.0,0.7146508358418941,0.8707587642007973,12.924123579920266
chronos2,Coastal_T_S,15T,medium,96,1.249904498327334,0.8610019760282506,1.0713332032773761,1.1477548324445639,1.2834579947320974,1.0552873704582453,Climate,1.4516859811322,1.0,1.338175474666059,0.8610019760282506,13.899802397174943
chronos2,Coastal_T_S,15T,short,12,1.1305421467327808,0.7807741631203355,1.1399986256225172,1.299596866421228,1.6108624064484944,8.66411024145782,Climate,1.447975868226236,1.0,7.751331891864538,0.7807741631203355,21.922583687966444
chronos_bolt,Coastal_T_S,15T,long,288,1.3758704254220318,0.8634241853010478,1.0563493057927515,1.115873855848828,1.3306993853637727,2.77722155302763,Climate,1.5935046166703226,1.0,0.7146508358418941,0.8634241853010478,13.65758146989522
chronos_bolt,Coastal_T_S,15T,medium,96,1.2546875781987985,0.8642968207354607,1.0661573169195302,1.1366914244210515,1.2834579947320974,2.3547455724328756,Climate,1.4516859811322,1.0,1.338175474666059,0.8642968207354607,13.570317926453935
chronos_bolt,Coastal_T_S,15T,short,12,1.1376097055054408,0.7856551552195463,1.131899817222922,1.2811971962292843,1.6108624064484944,2.924101509153843,Climate,1.447975868226236,1.0,7.751331891864538,0.7856551552195463,21.43448447804537
ts_icl,Coastal_T_S,15T,long,288,1.3953221482634197,0.8756310673131206,1.0627287840070623,1.1293924683571293,1.3306993853637727,1.9180980143137276,Climate,1.5935046166703226,1.0,0.7146508358418941,0.8756310673131206,12.436893268687943
ts_icl,Coastal_T_S,15T,medium,96,1.2690630394887432,0.874199417768693,1.091372934587032,1.19109488234911,1.2834579947320974,5.459363359957933,Climate,1.4516859811322,1.0,1.338175474666059,0.874199417768693,12.580058223130697
ts_icl,Coastal_T_S,15T,short,12,1.142890894709768,0.7893024461172853,1.1848235279347754,1.4038067923478075,1.6108624064484944,43.194538983982056,Climate,1.447975868226236,1.0,7.751331891864538,0.7893024461172853,21.06975538827147
chronos2,Coastal_T_S,20T,long,216,1.4010791372080962,0.7623737013340763,1.0382638711302885,1.0779918660944523,1.7356310305571765,0.10603905282914639,Climate,1.837785242009726,1.0,0.11135085113346577,0.7623737013340763,23.762629866592366
chronos2,Coastal_T_S,20T,medium,72,0.9893873247652253,0.7712892645100224,0.6390491723308408,0.4083838446567327,0.8089647179022766,0.2047919798642397,Climate,1.2827707713444634,1.0,0.2132205916568637,0.7712892645100224,22.871073548997757
chronos2,Coastal_T_S,20T,short,9,0.4837238683743286,0.3784291897259098,0.40475140646475044,0.16382370103519364,1.391596656960766,1.7164015769958496,Climate,1.2782414293270614,1.0,1.2665154142305255,0.3784291897259098,62.15708102740902
chronos_bolt,Coastal_T_S,20T,long,216,2.370452159975281,1.289841764853358,1.2342614465608033,1.5234013184663666,1.7356310305571765,0.42335402965545654,Climate,1.837785242009726,1.0,0.11135085113346577,1.289841764853358,-28.9841764853358
chronos_bolt,Coastal_T_S,20T,medium,72,1.7547628129002864,1.3679472997822761,0.7389592289151671,0.5460607419988983,0.8089647179022766,0.47443660348653793,Climate,1.2827707713444634,1.0,0.2132205916568637,1.3679472997822761,-36.794729978227615
chronos_bolt,Coastal_T_S,20T,short,9,0.6111656872978505,0.47813008816308095,0.5266911393309351,0.2774035562497185,1.391596656960766,0.7530344929546118,Climate,1.2782414293270614,1.0,1.2665154142305255,0.47813008816308095,52.1869911836919
ts_icl,Coastal_T_S,20T,long,216,1.746738194256302,0.9504582768039541,1.2230793355572167,1.4959230610670826,1.7356310305571765,0.38039797777310014,Climate,1.837785242009726,1.0,0.11135085113346577,0.9504582768039541,4.954172319604588
ts_icl,Coastal_T_S,20T,medium,72,1.2496745099830937,0.9741993954799253,0.79962746015091,0.6394040750273952,0.8089647179022766,1.0893619037233293,Climate,1.2827707713444634,1.0,0.2132205916568637,0.9741993954799253,2.580060452007471
ts_icl,Coastal_T_S,20T,short,9,0.5645352327609865,0.4416499260692792,0.48722191787216823,0.23738519725503385,1.391596656960766,8.877688130363822,Climate,1.2782414293270614,1.0,1.2665154142305255,0.4416499260692792,55.835007393072075
chronos2,Coastal_T_S,5T,long,864,1.252382036034176,0.8456190568789844,1.0629670684043102,1.1298989885120536,1.8076699969987622,1.5343530885875225,Climate,1.4810239029575263,1.0,6.789144224487245,0.8456190568789844,15.438094312101558
chronos2,Coastal_T_S,5T,medium,288,1.030877263252768,0.8435526763689123,1.0289278420307564,1.0586925041060693,1.3691485194510418,4.075367270037532,Climate,1.222066258731106,1.0,10.081392582505941,0.8435526763689123,15.644732363108771
chronos2,Coastal_T_S,5T,short,36,0.7896222491456418,0.6481834190583823,0.9763084538059924,0.9531781969730476,1.685129568284737,31.480439951643348,Climate,1.2182080348379292,1.0,47.6121036214754,0.6481834190583823,35.18165809416177
chronos_bolt,Coastal_T_S,5T,long,864,1.3666070271612945,0.9227447473550242,1.1964248883542792,1.4314325134735495,1.8076699969987622,31.45929016172886,Climate,1.4810239029575263,1.0,6.789144224487245,0.9227447473550242,7.725525264497579
chronos_bolt,Coastal_T_S,5T,medium,288,1.0933035912750042,0.8946352814046282,1.0173260361135275,1.0349522637544624,1.3691485194510418,29.995883932337165,Climate,1.222066258731106,1.0,10.081392582505941,0.8946352814046282,10.536471859537178
chronos_bolt,Coastal_T_S,5T,short,36,0.8188563892682863,0.6721810773290682,0.9877799442439955,0.9757092182506709,1.685129568284737,10.096735758706927,Climate,1.2182080348379292,1.0,47.6121036214754,0.6721810773290682,32.781892267093184
ts_icl,Coastal_T_S,5T,long,864,1.3854049722183888,0.9354372805542223,1.1512137753414318,1.3252931565358725,1.8076699969987622,14.367864219006151,Climate,1.4810239029575263,1.0,6.789144224487245,0.9354372805542223,6.456271944577773
ts_icl,Coastal_T_S,5T,medium,288,1.0366148259413028,0.848247644949824,0.9630163514867381,0.9274004932308287,1.3691485194510418,20.775628156028688,Climate,1.222066258731106,1.0,10.081392582505941,0.848247644949824,15.175235505017604
ts_icl,Coastal_T_S,5T,short,36,0.811580262149247,0.6662082656984116,0.97879065939408,0.9580311549170981,1.685129568284737,154.54323938302696,Climate,1.2182080348379292,1.0,47.6121036214754,0.6662082656984116,33.379173430158836
chronos2,Coastal_T_S,H,long,336,2.2993970749811012,0.8687413044985622,3.270865420000294,10.698560595753698,9.314770885075767,0.6822547428309917,Climate,2.646814492501095,1.0,1.3289766171947122,0.8687413044985622,13.125869550143776
chronos2,Coastal_T_S,H,medium,168,1.6186084008630783,0.787644250251116,1.5734960211707336,2.4758897286401296,3.0797064254343613,1.2619098983705044,Climate,2.05499932278695,1.0,1.804201859049499,0.787644250251116,21.235574974888404
chronos2,Coastal_T_S,H,short,24,0.9170105849553357,0.7610451411813391,1.5165902284567034,2.300045921050356,2.6970812724109106,6.554630963131785,Climate,1.204935864293014,1.0,7.276267562992871,0.7610451411813391,23.895485881866087
chronos_bolt,Coastal_T_S,H,long,336,2.403046401752879,0.9079013314159889,3.082862745184153,9.504042705644373,9.314770885075767,6.606008056551218,Climate,2.646814492501095,1.0,1.3289766171947122,0.9079013314159889,9.209866858401107
chronos_bolt,Coastal_T_S,H,medium,168,1.744121568445221,0.8487212375719313,1.5067842447478743,2.2703987602204223,3.0797064254343613,5.5244520008563995,Climate,2.05499932278695,1.0,1.804201859049499,0.8487212375719313,15.12787624280687
chronos_bolt,Coastal_T_S,H,short,24,0.9819445754980096,0.8149351385388113,1.5453785426098658,2.388194839958993,2.6970812724109106,3.2697638627141714,Climate,1.204935864293014,1.0,7.276267562992871,0.8149351385388113,18.506486146118874
ts_icl,Coastal_T_S,H,long,336,2.333693521642404,0.8816989359300323,3.155265365007714,9.95569952361726,9.314770885075767,4.468236499931663,Climate,2.646814492501095,1.0,1.3289766171947122,0.8816989359300323,11.830106406996766
ts_icl,Coastal_T_S,H,medium,168,1.6379611443059245,0.797061646757408,1.5057726269213727,2.2673512039856916,3.0797064254343613,8.47845999384299,Climate,2.05499932278695,1.0,1.804201859049499,0.797061646757408,20.293835324259202
ts_icl,Coastal_T_S,H,short,24,0.9437669634863203,0.7832507865803029,1.508582454592123,2.2758210223031945,2.6970812724109106,52.256188896950334,Climate,1.204935864293014,1.0,7.276267562992871,0.7832507865803029,21.67492134196971
chronos2,Commodity_Import,M,short,12,1.4590158630789132,0.7956903841503931,1.6016277886445178,2.565211573358328,4.658598925947419,0.24144062958657742,Economics,1.8336477254740147,1.0,0.23737083096057177,0.7956903841503931,20.430961584960695
chronos_bolt,Commodity_Import,M,short,12,1.5321493333429275,0.8355745283335996,1.7122452683210576,2.9317838588878504,4.658598925947419,0.26970312744379044,Economics,1.8336477254740147,1.0,0.23737083096057177,0.8355745283335996,16.442547166640043
ts_icl,Commodity_Import,M,short,12,1.426445685398948,0.7779278787206516,1.5916557676720682,2.5333680827637606,4.658598925947419,0.667939386330545,Economics,1.8336477254740147,1.0,0.23737083096057177,0.7779278787206516,22.207212127934838
chronos2,Commodity_Production,M,short,12,0.9052348777989669,0.741941898777288,0.5973176292754274,0.356788350243217,0.5329512558073002,0.35226705856621265,Economics,1.220088634016739,1.0,0.6614465108141303,0.741941898777288,25.8058101222712
chronos_bolt,Commodity_Production,M,short,12,0.9385643093449965,0.7692591203436454,0.5687851465897595,0.32351654298113425,0.5329512558073002,0.39631260745227337,Economics,1.220088634016739,1.0,0.6614465108141303,0.7692591203436454,23.07408796563546
ts_icl,Commodity_Production,M,short,12,0.9422205607088643,0.7722558299776257,0.5677282457403984,0.3223153610114702,0.5329512558073002,2.018660834990442,Economics,1.220088634016739,1.0,0.6614465108141303,0.7722558299776257,22.774417002237435
chronos2,Crypto,D,short,30,6.229414404066677,1.0097000501280702,5.260729005933562,27.67526967387072,27.688250742146593,0.22108052670955658,Finance,6.169569272851417,1.0,0.13141694758087397,1.0097000501280702,-0.9700050128070181
chronos_bolt,Crypto,D,short,30,6.650599959702402,1.0779682771320378,5.239885057850734,27.456395419487393,27.688250742146593,0.26564057916402817,Finance,6.169569272851417,1.0,0.13141694758087397,1.0779682771320378,-7.79682771320378
ts_icl,Crypto,D,short,30,6.398672126021581,1.0371343351598803,5.831420992220647,34.00547078851163,27.688250742146593,1.0051863421685994,Finance,6.169569272851417,1.0,0.13141694758087397,1.0371343351598803,-3.7134335159880294
chronos2,ECDC_COVID,D,short,30,3.2510704942152295,0.9176932756570406,2.779602333137446,7.726189130383133,9.46457225161981,0.2462935447692871,Healthcare,3.5426548068444346,1.0,0.16327598877251148,0.9176932756570406,8.230672434295938
chronos_bolt,ECDC_COVID,D,short,30,3.529062284006213,0.9961631816873716,2.8679351889692692,8.225052248128199,9.46457225161981,0.2732478566467762,Healthcare,3.5426548068444346,1.0,0.16327598877251148,0.9961631816873716,0.3836818312628387
ts_icl,ECDC_COVID,D,short,30,3.2760216772323703,0.9247363505196929,2.719318127790975,7.394691080132613,9.46457225161981,0.9135620458982885,Healthcare,3.5426548068444346,1.0,0.16327598877251148,0.9247363505196929,7.5263649480307055
chronos2,ECDC_COVID,W,short,13,1.4613553532441703,0.9468634994013284,1.0834214880532544,1.173802120775528,2.5262185251337717,0.25818354822695255,Healthcare,1.5433643330513203,1.0,0.24623477086424828,0.9468634994013284,5.313650059867159
chronos_bolt,ECDC_COVID,W,short,13,1.358214699186885,0.8800350442864106,1.0784750951291076,1.1631085308137377,2.5262185251337717,0.29136860743165016,Healthcare,1.5433643330513203,1.0,0.24623477086424828,0.8800350442864106,11.996495571358945
ts_icl,ECDC_COVID,W,short,13,1.8728634975946643,1.2134940904665752,1.471044106407669,2.163970762996737,2.5262185251337717,0.9214742206968367,Healthcare,1.5433643330513203,1.0,0.24623477086424828,1.2134940904665752,-21.34940904665752
chronos2,EWELD_Load,15T,long,672,0.7839039420360605,0.805583445825203,0.477712702578765,0.22820942620510762,0.237943187485963,0.09817030094563961,Energy,0.9730884442803625,1.0,0.3245005141943693,0.805583445825203,19.441655417479698
chronos2,EWELD_Load,15T,medium,96,0.6517499017231616,0.7156200869243586,0.3887161257301279,0.15110022640264062,0.24043824963022473,0.6486163232475519,Energy,0.9107484734313388,1.0,0.8178674932569265,0.7156200869243586,28.437991307564136
chronos2,EWELD_Load,15T,short,24,0.5410549755223345,0.5939734485800114,0.47205005577124226,0.22283125515363292,0.6284262662910528,2.8353463914245367,Energy,0.9109076791493171,1.0,2.7549216523766518,0.5939734485800114,40.60265514199885
chronos_bolt,EWELD_Load,15T,long,672,0.7765424508227898,0.7980183665597569,0.4768922179785327,0.22742618756848437,0.237943187485963,1.8347993157804012,Energy,0.9730884442803625,1.0,0.3245005141943693,0.7980183665597569,20.198163344024312
chronos_bolt,EWELD_Load,15T,medium,96,0.6761916492113271,0.7424570767203215,0.4183117755597538,0.17498474157195382,0.24043824963022473,1.4644419830292463,Energy,0.9107484734313388,1.0,0.8178674932569265,0.7424570767203215,25.754292327967853
chronos_bolt,EWELD_Load,15T,short,24,0.570156750162608,0.6259215540866543,0.5042486701499416,0.2542667213479846,0.6284262662910528,1.0643167700618505,Energy,0.9109076791493171,1.0,2.7549216523766518,0.6259215540866543,37.40784459133457
ts_icl,EWELD_Load,15T,long,672,0.7579333755376296,0.778894642098182,0.32588797812403386,0.10620297428577079,0.237943187485963,0.5791599960066378,Energy,0.9730884442803625,1.0,0.3245005141943693,0.778894642098182,22.110535790181796
ts_icl,EWELD_Load,15T,medium,96,0.6499942144093132,0.7136923457696206,0.3601716829422542,0.1297236411934557,0.24043824963022473,3.386305394116789,Energy,0.9107484734313388,1.0,0.8178674932569265,0.7136923457696206,28.63076542303794
ts_icl,EWELD_Load,15T,short,24,0.5592457058390135,0.6139433431511792,0.48391903234026534,0.23417762986113877,0.6284262662910528,13.629519088659436,Energy,0.9109076791493171,1.0,2.7549216523766518,0.6139433431511792,38.605665684882084
chronos2,Finland_Traffic,15T,long,672,0.592638224850232,0.6334165647741988,0.2859540958184824,0.08176974491536582,0.018781384922048106,0.027624936774373055,Transport,0.9356216079721509,1.0,0.06827850919216871,0.6334165647741988,36.65834352258012
chronos2,Finland_Traffic,15T,medium,96,0.5358107102757379,0.685200749309695,0.3875487554094553,0.15019403781941784,0.17085736839439175,0.1497825998812914,Transport,0.7819762468379376,1.0,0.20476613473147154,0.685200749309695,31.4799250690305
chronos2,Finland_Traffic,15T,short,16,0.4022035802507917,0.5142179910500525,0.41731007380654556,0.17414769770042451,0.5444992622161519,1.0583342760801315,Transport,0.7821655158923493,1.0,0.952554508112371,0.5142179910500525,48.57820089499475
chronos_bolt,Finland_Traffic,15T,long,672,0.6364014052199654,0.6801910086271843,0.23617155323924038,0.05577700255943535,0.018781384922048106,0.40153826400637627,Transport,0.9356216079721509,1.0,0.06827850919216871,0.6801910086271843,31.980899137281572
chronos_bolt,Finland_Traffic,15T,medium,96,0.5966518526730152,0.7630050849826767,0.3205898457254907,0.10277784918229393,0.17085736839439175,0.4799287673085928,Transport,0.7819762468379376,1.0,0.20476613473147154,0.7630050849826767,23.69949150173233
chronos_bolt,Finland_Traffic,15T,short,16,0.445327653983243,0.5693521958394981,0.4072292728430738,0.16583568066029863,0.5444992622161519,0.9837908819317818,Transport,0.7821655158923493,1.0,0.952554508112371,0.5693521958394981,43.06478041605018
ts_icl,Finland_Traffic,15T,long,672,0.6049253900009155,0.6465491870287388,0.2520353112392925,0.06352179811148706,0.018781384922048106,0.1370188551954925,Transport,0.9356216079721509,1.0,0.06827850919216871,0.6465491870287388,35.34508129712612
ts_icl,Finland_Traffic,15T,medium,96,0.5187531956915099,0.6633874082354576,0.31447244750129294,0.09889292023745344,0.17085736839439175,0.7493387288413942,Transport,0.7819762468379376,1.0,0.20476613473147154,0.6633874082354576,33.66125917645424
ts_icl,Finland_Traffic,15T,short,16,0.4363837318757116,0.5579173755542706,0.40038212393055095,0.16030584516313906,0.5444992622161519,5.462920818012208,Transport,0.7821655158923493,1.0,0.952554508112371,0.5579173755542706,44.208262444572945
chronos2,Global_Influenza,W,short,13,2.687638735307393,0.6352501786041488,3.4594214508926644,11.967596774896307,30.38882579215142,0.23642339929938316,Healthcare,4.230835072275004,1.0,0.980701144784689,0.6352501786041488,36.47498213958512
chronos_bolt,Global_Influenza,W,short,13,2.8883879320915615,0.6826992503251653,3.7614182853939284,14.148267517695801,30.38882579215142,0.48050004430115223,Healthcare,4.230835072275004,1.0,0.980701144784689,0.6826992503251653,31.730074967483468
ts_icl,Global_Influenza,W,short,13,2.968530838215052,0.7016418242507416,3.8934898860737452,15.159263492958546,30.38882579215142,2.9020472676493227,Healthcare,4.230835072275004,1.0,0.980701144784689,0.7016418242507416,29.835817574925837
chronos2,Global_Price,Q,short,4,1.427177654123309,0.7670994049743153,1.5014577384862482,2.254375340460239,3.4498076767502495,0.19694523885846138,Economics,1.8604859355497676,1.0,1.0117378337308764,0.7670994049743153,23.29005950256847
chronos_bolt,Global_Price,Q,short,4,1.5684767906961357,0.8430468410032113,1.8965182154211866,3.596781341424362,3.4498076767502495,0.547958554700017,Economics,1.8604859355497676,1.0,1.0117378337308764,0.8430468410032113,15.695315899678874
ts_icl,Global_Price,Q,short,4,1.5345163921503744,0.8247933310481758,1.5491348706434118,2.3998188474433806,3.4498076767502495,3.548557293601334,Economics,1.8604859355497676,1.0,1.0117378337308764,0.8247933310481758,17.520666895182423
chronos2,Housing_Inventory,M,short,12,0.5298324093950973,0.7746001702407476,0.2927894925929342,0.08572568697282786,0.15831152058175027,0.24036205746233463,Economics,0.6840076077319015,1.0,0.04277162812650204,0.7746001702407476,22.539982975925245
chronos_bolt,Housing_Inventory,M,short,12,0.5280441169302251,0.7719857366516212,0.31559262893014084,0.09959870743503756,0.15831152058175027,0.23145928606390953,Economics,0.6840076077319015,1.0,0.04277162812650204,0.7719857366516212,22.80142633483788
ts_icl,Housing_Inventory,M,short,12,0.519415995523202,0.7593716643672015,0.19546829206475433,0.0382078532027121,0.15831152058175027,0.7868702649138868,Economics,0.6840076077319015,1.0,0.04277162812650204,0.7593716643672015,24.062833563279852
chronos2,JOLTS,M,short,12,0.9042078797292128,0.5364326507424232,0.8184561814037029,0.6698705208779311,0.8877843622848538,0.18553419783711433,Economics,1.68559441428069,1.0,0.12435972783714533,0.5364326507424232,46.35673492575768
chronos_bolt,JOLTS,M,short,12,1.0554441681567701,0.6261554732353394,0.6334810906386756,0.401298292196766,0.8877843622848538,0.25304408743977547,Economics,1.68559441428069,1.0,0.12435972783714533,0.6261554732353394,37.38445267646606
ts_icl,JOLTS,M,short,12,1.0651837489836085,0.6319336015586908,0.618562703921515,0.3826198186826959,0.8877843622848538,0.5087270601652563,Economics,1.68559441428069,1.0,0.12435972783714533,0.6319336015586908,36.80663984413092
chronos2,Job_Claims,W,short,13,3.14383480240003,1.1552232026779394,1.4576157403339423,2.1246436464692664,1.8094438105119042,0.358265221118927,Economics,2.721408984092651,1.0,0.03477336373180151,1.1552232026779394,-15.522320267793944
chronos_bolt,Job_Claims,W,short,13,4.146792423445997,1.5237667133771828,2.345969624815185,5.5035734805555,1.8094438105119042,0.2737999241799116,Economics,2.721408984092651,1.0,0.03477336373180151,1.5237667133771828,-52.376671337718285
ts_icl,Job_Claims,W,short,13,2.8235117450947285,1.0375183449451717,1.1189269330871932,1.2519974815879118,1.8094438105119042,0.2538226256147027,Economics,2.721408984092651,1.0,0.03477336373180151,1.0375183449451717,-3.75183449451717
chronos2,MetroPT-3,5T,long,576,0.6686335696286634,0.7697031603954076,0.10726380241873122,0.011505523309324611,0.022228105801810265,0.08953911624848843,Transport,0.8686901704875118,1.0,0.25579052697867155,0.7697031603954076,23.029683960459234
chronos2,MetroPT-3,5T,medium,288,0.6510332169597657,0.7627195008885047,0.11963009967999404,0.01431136074944531,0.019695959012921885,0.1738372351974249,Transport,0.8535683382965379,1.0,0.3266339413821697,0.7627195008885047,23.72804991114953
chronos2,MetroPT-3,5T,short,48,0.6120071780108346,0.7013424427645181,0.19064442473566048,0.03634529668279092,0.07601067700804957,1.4644853547215462,Transport,0.8726224746907574,1.0,1.0416007470339537,0.7013424427645181,29.865755723548194
chronos_bolt,MetroPT-3,5T,long,576,0.694838569336889,0.7998692663311054,0.11405846037937939,0.01300933238411446,0.022228105801810265,1.393477264791727,Transport,0.8686901704875118,1.0,0.25579052697867155,0.7998692663311054,20.013073366889454
chronos_bolt,MetroPT-3,5T,medium,288,0.6855807975211551,0.8031938003808404,0.11475872335331143,0.013169564585681866,0.019695959012921885,1.382595146074891,Transport,0.8535683382965379,1.0,0.3266339413821697,0.8031938003808404,19.68061996191596
chronos_bolt,MetroPT-3,5T,short,48,0.6495314561459699,0.7443441751556454,0.1993031622716708,0.03972175049148794,0.07601067700804957,0.5634160544723272,Transport,0.8726224746907574,1.0,1.0416007470339537,0.7443441751556454,25.565582484435456
ts_icl,MetroPT-3,5T,long,576,0.6979776681435321,0.803482866338668,0.11176594897748358,0.012491627350837465,0.022228105801810265,0.396728933788836,Transport,0.8686901704875118,1.0,0.25579052697867155,0.803482866338668,19.651713366133205
ts_icl,MetroPT-3,5T,medium,288,0.679845185530925,0.7964742306253869,0.1130321905172604,0.012776276093130253,0.019695959012921885,0.709872183855623,Transport,0.8535683382965379,1.0,0.3266339413821697,0.7964742306253869,20.352576937461308
ts_icl,MetroPT-3,5T,short,48,0.6435365645174245,0.7374742035443024,0.19052131004758435,0.03629836958224777,0.07601067700804957,4.061108940280974,Transport,0.8726224746907574,1.0,1.0416007470339537,0.7374742035443024,26.252579645569764
chronos2,NE_China_Wind,H,long,168,1.203564641776657,0.9042069727404326,0.7800305769335097,0.6084477009512241,0.6787319478156216,0.09432352520525455,Climate,1.3310720643183538,1.0,0.10292179975658655,0.9042069727404326,9.57930272595674
chronos2,NE_China_Wind,H,medium,72,0.8915087697288963,0.8160283807582627,0.5893853384860852,0.3473750772223573,0.5857512612541707,0.17510223016142845,Climate,1.092497259593467,1.0,0.18750894628465176,0.8160283807582627,18.397161924173734
chronos2,NE_China_Wind,H,short,24,0.49645280308376133,0.5965490516104354,0.35813801515039784,0.1282628378958666,0.39953287968674783,0.6853613313287497,Climate,0.8322078490336116,1.0,0.45941207837313414,0.5965490516104354,40.34509483895646
chronos_bolt,NE_China_Wind,H,long,168,1.2605794159420194,0.947040697295053,0.8161876447941399,0.666162271514605,0.6787319478156216,0.29626610688865185,Climate,1.3310720643183538,1.0,0.10292179975658655,0.947040697295053,5.295930270494697
chronos_bolt,NE_China_Wind,H,medium,72,0.9416772869144727,0.861949335474657,0.6704649418343095,0.44952323822888396,0.5857512612541707,0.43237986974418163,Climate,1.092497259593467,1.0,0.18750894628465176,0.861949335474657,13.805066452534298
chronos_bolt,NE_China_Wind,H,short,24,0.5332655848362043,0.6407841327805917,0.40494142443183145,0.16397755722088067,0.39953287968674783,0.390085831284523,Climate,0.8322078490336116,1.0,0.45941207837313414,0.6407841327805917,35.921586721940834
ts_icl,NE_China_Wind,H,long,168,1.184444580234607,0.8898425652416986,0.5939409804717056,0.352765888283691,0.6787319478156216,0.40691052889451385,Climate,1.3310720643183538,1.0,0.10292179975658655,0.8898425652416986,11.015743475830142
ts_icl,NE_China_Wind,H,medium,72,0.889811358229547,0.8144746821247477,0.6279708242360341,0.39434735609168403,0.5857512612541707,0.9703794098459184,Climate,1.092497259593467,1.0,0.18750894628465176,0.8144746821247477,18.55253178752523
ts_icl,NE_China_Wind,H,short,24,0.510068111026166,0.6129095172780149,0.3842149979946972,0.14762116468406516,0.39953287968674783,2.995979090221226,Climate,0.8322078490336116,1.0,0.45941207837313414,0.6129095172780149,38.70904827219851
chronos2,Oil_Price,B,short,20,1.3434109152905664,0.866901838908831,0.96605146144525,0.9332554261605034,1.308977194348269,1.2847815807908773,Finance,1.5496690109476723,1.0,12.918505388312042,0.866901838908831,13.309816109116902
chronos_bolt,Oil_Price,B,short,20,1.4220399114774767,0.9176410584656743,0.9826661196167252,0.9656327026425922,1.308977194348269,0.8524857237935066,Finance,1.5496690109476723,1.0,12.918505388312042,0.9176410584656743,8.235894153432566
ts_icl,Oil_Price,B,short,20,1.343467022681446,0.866938044957015,1.0052451019175774,1.0105177149292806,1.308977194348269,9.555879577994347,Finance,1.5496690109476723,1.0,12.918505388312042,0.866938044957015,13.3061955042985
chronos2,Online_Retail_2_UCI,D,short,30,0.6092702040045644,0.3753379415224901,0.17989870353493534,0.03236354353355056,0.7074258093720319,0.20884248614311218,Sales,1.6232577008686375,1.0,0.02367151528596878,0.3753379415224901,62.46620584775099
chronos_bolt,Online_Retail_2_UCI,D,short,30,0.6195295273705109,0.381658147710612,0.19487140080464294,0.0379748628515638,0.7074258093720319,0.22480472549796104,Sales,1.6232577008686375,1.0,0.02367151528596878,0.381658147710612,61.8341852289388
ts_icl,Online_Retail_2_UCI,D,short,30,0.644110333658554,0.3968010336953139,0.23493879488709848,0.05519623734300213,0.7074258093720319,0.2375981966033578,Sales,1.6232577008686375,1.0,0.02367151528596878,0.3968010336953139,60.31989663046862
chronos2,OpenElectricity_NEM,5T,long,288,0.7277800559655977,0.7117830610199366,0.3874881954089126,0.15014710158125563,0.21617743752963614,0.6846681535243988,Energy,1.0224745372877215,1.0,1.473781293258071,0.7117830610199366,28.82169389800634
chronos2,OpenElectricity_NEM,5T,medium,96,0.5801664817821864,0.5676356985687455,0.3953468037691756,0.15629909525050303,0.5621339027558641,2.0296181924641132,Energy,1.0220753966761364,1.0,2.961383949033916,0.5676356985687455,43.236430143125446
chronos2,OpenElectricity_NEM,5T,short,24,0.38256966810718757,0.3744558321278641,0.3970587506548639,0.1576556514716014,0.8538266760641295,8.331194153055549,Energy,1.021668339182264,1.0,9.567372966557741,0.3744558321278641,62.55441678721358
chronos_bolt,OpenElectricity_NEM,5T,long,288,0.8973124209379337,0.8775890139212654,0.42232540236504357,0.17835874548279596,0.21617743752963614,5.175686448812485,Energy,1.0224745372877215,1.0,1.473781293258071,0.8775890139212654,12.241098607873457
chronos_bolt,OpenElectricity_NEM,5T,medium,96,0.7173457233720583,0.7018520607236205,0.45819108216279253,0.2099390677735109,0.5621339027558641,4.326183520257473,Energy,1.0220753966761364,1.0,2.961383949033916,0.7018520607236205,29.81479392763795
chronos_bolt,OpenElectricity_NEM,5T,short,24,0.4592765393518389,0.4495358442050191,0.4873320855502841,0.23749256160678944,0.8538266760641295,2.7587234023958445,Energy,1.021668339182264,1.0,9.567372966557741,0.4495358442050191,55.046415579498095
ts_icl,OpenElectricity_NEM,5T,long,288,0.7907008535945231,0.773320825858397,0.4049384846169692,0.1639751763238874,0.21617743752963614,3.5670456010848284,Energy,1.0224745372877215,1.0,1.473781293258071,0.773320825858397,22.6679174141603
ts_icl,OpenElectricity_NEM,5T,medium,96,0.6449028965535343,0.630973897474497,0.428831663374471,0.18389659551251558,0.5621339027558641,10.104951908811927,Energy,1.0220753966761364,1.0,2.961383949033916,0.630973897474497,36.9026102525503
ts_icl,OpenElectricity_NEM,5T,short,24,0.4241598137214453,0.4151639014877761,0.42680526203633284,0.18216273170190275,0.8538266760641295,40.06046519288793,Energy,1.021668339182264,1.0,9.567372966557741,0.4151639014877761,58.48360985122238
chronos2,Port_Activity,D,short,30,0.6587580455178945,0.6907909446775197,0.23055050255831952,0.0531535342298937,0.36546784286960077,3.233731197193265,Transport,0.9536286637709488,1.0,8.336052159778774,0.6907909446775197,30.92090553224803
chronos_bolt,Port_Activity,D,short,30,0.662000459082709,0.6941910244863553,0.2355561369237364,0.05548669364243405,0.36546784286960077,3.9497388917952776,Transport,0.9536286637709488,1.0,8.336052159778774,0.6941910244863553,30.580897551364473
ts_icl,Port_Activity,D,short,30,0.6636159462695193,0.6958850666729881,0.22852152281296448,0.05222208638875625,0.36546784286960077,41.551735705696046,Transport,0.9536286637709488,1.0,8.336052159778774,0.6958850666729881,30.41149333270119
chronos2,Port_Activity,W,short,13,0.7793327862026835,0.7988733113320162,0.3147555246209859,0.09907104027943206,0.21474218187417846,0.5662861112505198,Transport,0.9755398949343401,1.0,3.622349251061678,0.7988733113320162,20.112668866798376
chronos_bolt,Port_Activity,W,short,13,0.7834238251459267,0.8030669265439482,0.30709717554035704,0.09430867522486486,0.21474218187417846,1.092794744297862,Transport,0.9755398949343401,1.0,3.622349251061678,0.8030669265439482,19.69330734560518
ts_icl,Port_Activity,W,short,13,0.7878643592183598,0.8076187999173401,0.3125384682935249,0.09768029416326265,0.21474218187417846,9.66396002471447,Transport,0.9755398949343401,1.0,3.622349251061678,0.8076187999173401,19.23812000826599
chronos2,SG_Carpark,15T,long,672,0.7260138576806109,0.5551023033224332,0.8167279252106057,0.6670445038188207,0.6407367954972765,2.0908382702618837,Transport,1.307891992764626,1.0,6.359087245538831,0.5551023033224332,44.48976966775668
chronos2,SG_Carpark,15T,medium,96,0.5286342047799814,0.558075969445258,0.5457085903482337,0.2977978655798563,0.6915537435383057,12.528575990349054,Transport,0.9472441633805834,1.0,14.793124185875058,0.558075969445258,44.1924030554742
chronos2,SG_Carpark,15T,short,16,0.3700561151945231,0.3928127857824786,0.4441244159876106,0.19724649687633616,1.3572945477146132,73.77171702682972,Transport,0.9420673883040124,1.0,64.31157630681992,0.3928127857824786,60.71872142175214
chronos_bolt,SG_Carpark,15T,long,672,0.9706223534883668,0.7421273001577617,0.9013709600699411,0.8124696076574074,0.6407367954972765,32.206238217651844,Transport,1.307891992764626,1.0,6.359087245538831,0.7421273001577617,25.787269984223826
chronos_bolt,SG_Carpark,15T,medium,96,0.6110573661681822,0.6450896081401051,0.586846019308562,0.3443882503783051,0.6915537435383057,25.587371552363038,Transport,0.9472441633805834,1.0,14.793124185875058,0.6450896081401051,35.49103918598949
chronos_bolt,SG_Carpark,15T,short,16,0.40722017076287736,0.43226225195629453,0.480367022877228,0.23075247666793128,1.3572945477146132,22.758837945759296,Transport,0.9420673883040124,1.0,64.31157630681992,0.43226225195629453,56.77377480437055
ts_icl,SG_Carpark,15T,long,672,0.8407709166409469,0.642844303116898,0.8385551376165519,0.7031747188231142,0.6407367954972765,9.849309062119573,Transport,1.307891992764626,1.0,6.359087245538831,0.642844303116898,35.7155696883102
ts_icl,SG_Carpark,15T,medium,96,0.6267502229170061,0.661656463187085,0.5924049275067159,0.35094359813423737,0.6915537435383057,60.486703670583665,Transport,0.9472441633805834,1.0,14.793124185875058,0.661656463187085,33.834353681291496
ts_icl,SG_Carpark,15T,short,16,0.40559594179022385,0.4305381407166755,0.4789251489973232,0.22936929834210823,1.3572945477146132,356.36415211483836,Transport,0.9420673883040124,1.0,64.31157630681992,0.4305381407166755,56.94618592833245
chronos2,SG_PM25,H,long,168,0.9613872795889807,0.7446972215904354,0.325448097685637,0.10591646428719992,0.12490674689861864,0.309253741055727,Climate,1.2909773955323274,1.0,0.5450284564867616,0.7446972215904354,25.53027784095646
chronos2,SG_PM25,H,medium,72,0.9262713766391221,0.7815046969507259,0.4310729199793134,0.18582386233949155,0.20283745879242823,0.6859551072120667,Climate,1.1852409592075988,1.0,0.9929322004318237,0.7815046969507259,21.849530304927413
chronos2,SG_PM25,H,short,24,0.8697938508370043,0.7421402495275882,0.4242571695312254,0.17999414589864693,0.2568254349370439,2.3326251953840256,Climate,1.1720073818805468,1.0,2.6252891682088375,0.7421402495275882,25.785975047241184
chronos_bolt,SG_PM25,H,long,168,0.9862905912465224,0.7639874986655603,0.3027029620866387,0.09162908325602502,0.12490674689861864,1.2696247976273298,Climate,1.2909773955323274,1.0,0.5450284564867616,0.7639874986655603,23.601250133443973
chronos_bolt,SG_PM25,H,medium,72,0.9729665091471766,0.8209018610001972,0.46533561142663354,0.21653723126179888,0.20283745879242823,1.5691898316144943,Climate,1.1852409592075988,1.0,0.9929322004318237,0.8209018610001972,17.909813899980275
chronos_bolt,SG_PM25,H,short,24,0.9000802175033318,0.76798169654794,0.48510197291938995,0.23532392413028452,0.2568254349370439,0.9129266235977411,Climate,1.1720073818805468,1.0,2.6252891682088375,0.76798169654794,23.201830345205998
ts_icl,SG_PM25,H,long,168,0.9583690716461833,0.7423592968883899,0.3088221541804876,0.09537112291267684,0.12490674689861864,1.6569409603253007,Climate,1.2909773955323274,1.0,0.5450284564867616,0.7423592968883899,25.764070311161014
ts_icl,SG_PM25,H,medium,72,0.9303932258723374,0.7849823435855258,0.4265067685624113,0.1819080236295503,0.20283745879242823,3.6438375269062817,Climate,1.1852409592075988,1.0,0.9929322004318237,0.7849823435855258,21.501765641447424
ts_icl,SG_PM25,H,short,24,0.8773276053246772,0.748568327203673,0.4317145147421827,0.1863774222390783,0.2568254349370439,11.127594522666186,Climate,1.1720073818805468,1.0,2.6252891682088375,0.748568327203673,25.143167279632706
chronos2,SG_Weather,D,long,14,0.8996563650699254,0.757408476991288,0.40568437996138856,0.16457981614465628,0.5518559441190071,1.0780857764184475,Climate,1.1878086823687262,1.0,2.067176808603108,0.757408476991288,24.2591523008712
chronos2,SG_Weather,D,medium,7,0.8880768388465542,0.7524136034517775,0.48357800795848366,0.2338476897810953,0.6201815357152103,2.054559201002121,Climate,1.180304070490495,1.0,3.9589907936751842,0.7524136034517775,24.758639654822247
chronos2,SG_Weather,D,short,3,0.8518474893871785,0.7968924694631168,0.5783635060442408,0.3345043451237866,0.6515856757834457,4.8377490527927876,Climate,1.0689616504483799,1.0,9.068410464562476,0.7968924694631168,20.310753053688323
chronos_bolt,SG_Weather,D,long,14,0.9297402102509469,0.7827356577297115,0.40902170023827783,0.1672987512658116,0.5518559441190071,0.9587974529713392,Climate,1.1878086823687262,1.0,2.067176808603108,0.7827356577297115,21.726434227028847
chronos_bolt,SG_Weather,D,medium,7,0.9119706600002427,0.7726573878723118,0.4785226952275493,0.22898396984783803,0.6201815357152103,1.9092303048819304,Climate,1.180304070490495,1.0,3.9589907936751842,0.7726573878723118,22.734261212768825
chronos_bolt,SG_Weather,D,short,3,0.8705035534727462,0.8143449796422634,0.5605906107329273,0.31426183284191633,0.6515856757834457,4.6851364485919476,Climate,1.0689616504483799,1.0,9.068410464562476,0.8143449796422634,18.56550203577366
ts_icl,SG_Weather,D,long,14,0.9064737909955272,0.7631479753017452,0.4047141312484307,0.16379352803217198,0.5518559441190071,14.24418885819614,Climate,1.1878086823687262,1.0,2.067176808603108,0.7631479753017452,23.685202469825484
ts_icl,SG_Weather,D,medium,7,0.8958595179797237,0.7590073951091556,0.48298316041851735,0.23327273324785927,0.6201815357152103,28.571840482298285,Climate,1.180304070490495,1.0,3.9589907936751842,0.7590073951091556,24.09926048908444
ts_icl,SG_Weather,D,short,3,0.8538191570818253,0.7987369394624099,0.5720213828226673,0.3272084624063566,0.6515856757834457,67.17828113678843,Climate,1.0689616504483799,1.0,9.068410464562476,0.7987369394624099,20.126306053759013
chronos2,Smart_Manufacturing,H,long,336,0.7110117882880749,0.7094252865029487,0.039934067950313734,0.0015947297830602744,0.0120211297863795,0.206599248573184,Industry,1.0022363197581337,1.0,1.5732318125665188,0.7094252865029487,29.057471349705132
chronos2,Smart_Manufacturing,H,medium,168,0.7112583040053169,0.7070750885992407,0.053463719689721426,0.0028583693230611064,0.01326920601468509,0.3409959189593792,Industry,1.0059162251273246,1.0,2.0938354451209307,0.7070750885992407,29.292491140075928
chronos2,Smart_Manufacturing,H,short,24,0.7114646384560039,0.7123756061122287,0.1280125292580992,0.016387207647055705,0.03817606606400739,2.4730432219803333,Industry,0.9987212256449988,1.0,8.254228632897139,0.7123756061122287,28.76243938877713
chronos_bolt,Smart_Manufacturing,H,long,336,0.7137246917722527,0.7121321366047616,0.040108178297483,0.0016086659663426862,0.0120211297863795,5.75193852558732,Industry,1.0022363197581337,1.0,1.5732318125665188,0.7121321366047616,28.78678633952384
chronos_bolt,Smart_Manufacturing,H,medium,168,0.7140192438721245,0.7098197901935094,0.05376503679546214,0.002890679181617398,0.01326920601468509,5.015616985037923,Industry,1.0059162251273246,1.0,2.0938354451209307,0.7098197901935094,29.018020980649062
chronos_bolt,Smart_Manufacturing,H,short,24,0.7166630909129093,0.7175807147285476,0.12860883402699494,0.01654023218978313,0.03817606606400739,3.6023869272321463,Industry,0.9987212256449988,1.0,8.254228632897139,0.7175807147285476,28.241928527145244
ts_icl,Smart_Manufacturing,H,long,336,0.7116831869990798,0.710095187102008,0.039755539553210296,0.0015805029251668682,0.0120211297863795,2.2819770872592926,Industry,1.0022363197581337,1.0,1.5732318125665188,0.710095187102008,28.9904812897992
ts_icl,Smart_Manufacturing,H,medium,168,0.7121692492493292,0.7079806761832337,0.053205922749034865,0.0028308702155762657,0.01326920601468509,4.667947904206812,Industry,1.0059162251273246,1.0,2.0938354451209307,0.7079806761832337,29.20193238167663
ts_icl,Smart_Manufacturing,H,short,24,0.7122914326225457,0.7132034589157052,0.12809217220561023,0.016407604580351707,0.03817606606400739,32.440033602993935,Industry,0.9987212256449988,1.0,8.254228632897139,0.7132034589157052,28.679654108429474
chronos2,Supply_Chain_Customer,D,short,30,0.5532599382047175,0.36293523418942514,0.23218993591856718,0.05391216634186834,0.7613944839464535,0.6198134440928698,Sales,1.5244040426120686,1.0,1.5101168360561132,0.36293523418942514,63.70647658105748
chronos_bolt,Supply_Chain_Customer,D,short,30,0.6131470465479132,0.4022208216512499,0.2372922619965897,0.05630761760345817,0.7613944839464535,0.874770438298583,Sales,1.5244040426120686,1.0,1.5101168360561132,0.4022208216512499,59.777917834875005
ts_icl,Supply_Chain_Customer,D,short,30,0.6099946202120283,0.4001528486941045,0.25698699621847304,0.06604231622539349,0.7613944839464535,7.39825219893828,Sales,1.5244040426120686,1.0,1.5101168360561132,0.4001528486941045,59.98471513058955
chronos2,Supply_Chain_Location,D,short,30,0.6049073017593081,0.424066140216457,0.22729073363230748,0.05166107759511255,0.5773547972858538,0.7974528409540653,Sales,1.4264456517338167,1.0,2.1239393455907702,0.424066140216457,57.593385978354306
chronos_bolt,Supply_Chain_Location,D,short,30,0.6500187666725908,0.4556912251669076,0.24486762345032992,0.05996015301421256,0.5773547972858538,1.1618322376161814,Sales,1.4264456517338167,1.0,2.1239393455907702,0.4556912251669076,54.43087748330924
ts_icl,Supply_Chain_Location,D,short,30,0.6594302215265823,0.4622890614339619,0.2549053192887686,0.06497672180170905,0.5773547972858538,10.421266668010503,Sales,1.4264456517338167,1.0,2.1239393455907702,0.4622890614339619,53.77109385660381
chronos2,US_Labor,M,short,12,1.0014785119848475,0.564975767585351,1.7268395026384211,2.98197466787251,2.936809552255237,0.18271781876683235,Economics,1.7726043654315742,1.0,0.31104636937379837,0.564975767585351,43.5024232414649
chronos_bolt,US_Labor,M,short,12,0.946363574229049,0.5338831341525208,0.9659141913066747,0.9329902249676274,2.936809552255237,0.30279379710555077,Economics,1.7726043654315742,1.0,0.31104636937379837,0.5338831341525208,46.61168658474792
ts_icl,US_Labor,M,short,12,0.8894946186201814,0.5018009861459509,1.016796550534122,1.0338752251780896,2.936809552255237,0.9731035470031202,Economics,1.7726043654315742,1.0,0.31104636937379837,0.5018009861459509,49.819901385404904
chronos2,US_Term_Structure,B,short,20,1.495406901303508,0.8472618196493663,0.9476559745688263,0.898051846135992,1.0333743744905457,7.171806840226054,Finance,1.7649879489699798,1.0,76.68119631055743,0.8472618196493663,15.27381803506337
chronos_bolt,US_Term_Structure,B,short,20,1.5723117180459338,0.8908342512839882,0.9380717493980566,0.8799786070187302,1.0333743744905457,2.522560903802514,Finance,1.7649879489699798,1.0,76.68119631055743,0.8908342512839882,10.916574871601181
ts_icl,US_Term_Structure,B,short,20,1.5298372792725325,0.8667692491415153,0.9775761775485553,0.9556551829104446,1.0333743744905457,32.503587402869016,Finance,1.7649879489699798,1.0,76.68119631055743,0.8667692491415153,13.323075085848469
chronos2,Uncertainty_1M,M,short,6,0.3483185384775645,0.3595686470735416,0.2715395691880628,0.07373373763483874,0.4634703206443205,0.20124501734972,Economics,0.9687122092330922,1.0,0.12652770429849625,0.3595686470735416,64.04313529264584
chronos_bolt,Uncertainty_1M,M,short,6,0.41508574302996104,0.4284923211183383,0.30096071987020206,0.09057735490479024,0.4634703206443205,0.2489136978983879,Economics,0.9687122092330922,1.0,0.12652770429849625,0.4284923211183383,57.15076788816618
ts_icl,Uncertainty_1M,M,short,6,0.34658902070398,0.35778326875674127,0.25651473278304093,0.0657998081347549,0.4634703206443205,0.4364053728058934,Economics,0.9687122092330922,1.0,0.12652770429849625,0.35778326875674127,64.22167312432587
chronos2,Vehicle_Sales,M,short,12,0.8347676413435652,0.6419425789779618,0.5915784869414173,0.34996510621189664,0.8704781233070326,0.185394287109375,Sales,1.3003774304433904,1.0,0.2621117187663913,0.6419425789779618,35.80574210220382
chronos_bolt,Vehicle_Sales,M,short,12,0.772428342710334,0.5940031906328601,0.5417925529036383,0.29353917038184163,0.8704781233070326,0.28710434027016163,Sales,1.3003774304433904,1.0,0.2621117187663913,0.5940031906328601,40.59968093671399
ts_icl,Vehicle_Sales,M,short,12,0.7954957586106187,0.6117422065218235,0.5567863785959307,0.31001107138997114,0.8704781233070326,0.895275454968214,Sales,1.3003774304433904,1.0,0.2621117187663913,0.6117422065218235,38.825779347817644
chronos2,Vehicle_Supply,M,short,12,0.709383837497795,0.6377317787460499,0.5874999575031618,0.3451562000662169,0.6181637851735725,0.30109043791890144,Economics,1.1123545370322176,1.0,0.13469098322093487,0.6377317787460499,36.22682212539501
chronos_bolt,Vehicle_Supply,M,short,12,0.8110847872803042,0.7291603173969096,0.6191332332765777,0.38332596054750906,0.6181637851735725,0.2549196593463421,Economics,1.1123545370322176,1.0,0.13469098322093487,0.7291603173969096,27.083968260309042
ts_icl,Vehicle_Supply,M,short,12,0.7929232236339933,0.7128331815407766,0.680503041764283,0.4630843898504414,0.6181637851735725,0.9301083409227431,Economics,1.1123545370322176,1.0,0.13469098322093487,0.7128331815407766,28.71668184592234
chronos2,WUI_Global,Q,short,4,0.9486989791711424,0.7439285982659435,0.6821879571895761,0.4653804089344869,0.6093761678421035,0.18238129653036594,Economics,1.2752554228759418,1.0,0.30773282889276743,0.7439285982659435,25.60714017340565
chronos_bolt,WUI_Global,Q,short,4,0.9984850154591438,0.7829686489059356,0.7443992227743562,0.5541302028670656,0.6093761678421035,0.3028354123234749,Economics,1.2752554228759418,1.0,0.30773282889276743,0.7829686489059356,21.703135109406436
ts_icl,WUI_Global,Q,short,4,0.9638907561105797,0.7558413309365304,0.6931553964727619,0.48046440365931176,0.6093761678421035,1.023987669032067,Economics,1.2752554228759418,1.0,0.30773282889276743,0.7558413309365304,24.415866906346963
chronos2,Water_Quality_Darwin,15T,long,288,1.3438600557963685,0.8445418310748797,1.2001470719880054,1.4403529944013826,1.5257973604856987,1.0293857157230377,Climate,1.591229713377238,1.0,2.003494313918054,0.8445418310748797,15.545816892512033
chronos2,Water_Quality_Darwin,15T,medium,96,0.8597502615495578,0.7893230283527041,0.8508925605185566,0.7240181495458253,0.8662032158339698,2.9835579339414835,Climate,1.0892248555624096,1.0,3.5120491245761514,0.7893230283527041,21.067697164729594
chronos2,Water_Quality_Darwin,15T,short,16,0.6094823944099157,0.5606183090187876,0.7654295555367676,0.5858824044892137,1.3381496638898256,18.46404151059687,Climate,1.0871610587899843,1.0,15.32182686496526,0.5606183090187876,43.938169098121236
chronos_bolt,Water_Quality_Darwin,15T,long,288,1.4995828558644622,0.9424050112046589,1.2783666944687477,1.6342214055269526,1.5257973604856987,7.71234131231904,Climate,1.591229713377238,1.0,2.003494313918054,0.9424050112046589,5.759498879534108
chronos_bolt,Water_Quality_Darwin,15T,medium,96,0.936617812198225,0.859893902911913,0.8437925032653494,0.7119857885668047,0.8662032158339698,6.967252936214209,Climate,1.0892248555624096,1.0,3.5120491245761514,0.859893902911913,14.010609708808698
chronos_bolt,Water_Quality_Darwin,15T,short,16,0.6716427400325539,0.6177950678072444,0.8446393818831036,0.7134156854278714,1.3381496638898256,6.384995084255934,Climate,1.0871610587899843,1.0,15.32182686496526,0.6177950678072444,38.22049321927557
ts_icl,Water_Quality_Darwin,15T,long,288,1.4834560814452424,0.9322702240751551,1.3296979706278405,1.7680966930917972,1.5257973604856987,5.366961488965899,Climate,1.591229713377238,1.0,2.003494313918054,0.9322702240751551,6.7729775924844855
ts_icl,Water_Quality_Darwin,15T,medium,96,1.0024962693142256,0.9203758656394206,0.9503358169498803,0.9031381649777965,0.8662032158339698,15.162172839045525,Climate,1.0892248555624096,1.0,3.5120491245761514,0.9203758656394206,7.962413436057936
ts_icl,Water_Quality_Darwin,15T,short,16,0.673833606957897,0.6198102861666855,0.8382314701905285,0.7026319976177748,1.3381496638898256,90.82216545799747,Climate,1.0871610587899843,1.0,15.32182686496526,0.6198102861666855,38.01897138333145
chronos2,azure2019_D,5T,short,288,0.7178189979723392,0.6758937981312688,1.0831060420395902,1.1731186983026665,1.8286138989937584,44.69274057820439,Unclassified,1.0620292713988297,1.0,79.90540184918791,0.6758937981312688,32.41062018687312
chronos_bolt,azure2019_D,5T,short,288,0.8067747649753241,0.7596539819591765,0.9523595026502596,0.9069886222882497,1.8286138989937584,329.0386034231633,Unclassified,1.0620292713988297,1.0,79.90540184918791,0.7596539819591765,24.034601804082346
ts_icl,azure2019_D,5T,short,288,0.7504585763698494,0.7066270173338993,0.9677617853288395,0.9365628731428628,1.8286138989937584,228.37738072499633,Unclassified,1.0620292713988297,1.0,79.90540184918791,0.7066270173338993,29.33729826661007
chronos2,azure2019_I,5T,short,288,0.6743310940180272,0.6838294889497023,0.36258742908662556,0.1314696437316487,0.20206072558210966,22.353302415460348,Unclassified,0.9861099951301255,1.0,39.59057625103742,0.6838294889497023,31.61705110502977
chronos_bolt,azure2019_I,5T,short,288,0.7879785915455384,0.7990777858828598,0.4356335166395865,0.1897765608197729,0.20206072558210966,164.14145398512483,Unclassified,0.9861099951301255,1.0,39.59057625103742,0.7990777858828598,20.092221411714018
ts_icl,azure2019_I,5T,short,288,0.7207014084333551,0.7308529596013804,0.38286609819501044,0.1465864491470714,0.20206072558210966,113.87109371693805,Unclassified,0.9861099951301255,1.0,39.59057625103742,0.7308529596013804,26.91470403986196
chronos2,azure2019_U,5T,short,48,0.6607650521734936,0.5936503488136183,0.9575795512510058,0.9169585969740777,1.2257899723905192,1.5239718463271856,Cloud operations,1.1130542641708217,1.0,5.367972842417657,0.5936503488136183,40.63496511863816
chronos_bolt,azure2019_U,5T,short,48,0.7729739710685387,0.6944620724708077,1.0012581885494383,1.0025179601373027,1.2257899723905192,2.4387456569820642,Cloud operations,1.1130542641708217,1.0,5.367972842417657,0.6944620724708077,30.55379275291923
ts_icl,azure2019_U,5T,short,48,0.6951977394287573,0.6245856664918761,0.9573218036892632,0.9164650358188643,1.2257899723905192,20.67417291784659,Cloud operations,1.1130542641708217,1.0,5.367972842417657,0.6245856664918761,37.54143335081239
chronos2,current_velocity,10T,long,432,0.9316454809403314,0.6481012388791804,0.7219218654628167,0.5211711798333132,0.6433695275713929,1.5678384732455015,Climate,1.437499922931037,1.0,3.6895391680300236,0.6481012388791804,35.18987611208196
chronos2,current_velocity,10T,medium,144,0.6789060806388872,0.650473103577329,0.3840414186056275,0.14748781120462284,0.25305105017876023,4.340126760303974,Climate,1.0437112263446233,1.0,6.091557212173939,0.650473103577329,34.952689642267096
chronos2,current_velocity,10T,short,18,0.5194504740187809,0.4982241238609957,0.36295210966394853,0.13173423390951092,0.4807344590412708,33.40650380216539,Climate,1.042604019237951,1.0,31.85003567300737,0.4982241238609957,50.17758761390043
chronos_bolt,current_velocity,10T,long,432,1.3770165825586909,0.9579246305286601,0.9062009471766741,0.8212001566639012,0.6433695275713929,16.486311903223395,Climate,1.437499922931037,1.0,3.6895391680300236,0.9579246305286601,4.207536947133994
chronos_bolt,current_velocity,10T,medium,144,1.002804817780753,0.9608067753499822,0.4777945055545001,0.2282875895380692,0.25305105017876023,17.30100567266345,Climate,1.0437112263446233,1.0,6.091557212173939,0.9608067753499822,3.9193224650017844
chronos_bolt,current_velocity,10T,short,18,0.6437833307149723,0.6174763561582273,0.4150342852693608,0.17225345794904917,0.4807344590412708,11.08086890168488,Climate,1.042604019237951,1.0,31.85003567300737,0.6174763561582273,38.25236438417727
ts_icl,current_velocity,10T,long,432,1.0619848659125353,0.7387721202427384,0.7138262231933302,0.5095478769184542,0.6433695275713929,7.907425219193101,Climate,1.437499922931037,1.0,3.6895391680300236,0.7387721202427384,26.12278797572616
ts_icl,current_velocity,10T,medium,144,0.7731507634952759,0.7407707649203622,0.3718416498509573,0.13826621256388194,0.25305105017876023,22.28480014204979,Climate,1.0437112263446233,1.0,6.091557212173939,0.7407707649203622,25.92292350796378
ts_icl,current_velocity,10T,short,18,0.5854931056397984,0.5615680496491282,0.37688907253306747,0.1420453729948358,0.4807344590412708,171.4739476130344,Climate,1.042604019237951,1.0,31.85003567300737,0.5615680496491282,43.84319503508718
chronos2,current_velocity,15T,long,288,0.8331182837324931,0.7381883703886466,0.4264630203402527,0.18187070771773076,0.18788879728392668,0.706720370799303,Climate,1.1285984948447063,1.0,1.2894736649468541,0.7381883703886466,26.18116296113534
chronos2,current_velocity,15T,medium,96,0.7241171493827121,0.7296279661124532,0.40405155127113823,0.16325765608461323,0.20323056826444055,1.705892028287053,Climate,0.9924470867542217,1.0,2.322853246703744,0.7296279661124532,27.037203388754683
chronos2,current_velocity,15T,short,12,0.5007411130559184,0.5050993677405062,0.370423337418388,0.13721344890417694,0.453088957404636,12.134807504713535,Climate,0.9913714905166404,1.0,12.830142772756517,0.5050993677405062,49.49006322594938
chronos_bolt,current_velocity,15T,long,288,0.9309764178821907,0.8248960300184449,0.4705162732999425,0.22138556344006616,0.18788879728392668,5.5518212374299765,Climate,1.1285984948447063,1.0,1.2894736649468541,0.8248960300184449,17.510396998155507
chronos_bolt,current_velocity,15T,medium,96,0.7820132300395952,0.7879646587478571,0.4130459250166466,0.17060693617285727,0.20323056826444055,4.652884675189853,Climate,0.9924470867542217,1.0,2.322853246703744,0.7879646587478571,21.203534125214286
chronos_bolt,current_velocity,15T,short,12,0.5264439061535141,0.5310258678905166,0.3845825746094821,0.14790375669325784,0.453088957404636,5.619668597355485,Climate,0.9913714905166404,1.0,12.830142772756517,0.5310258678905166,46.897413210948336
ts_icl,current_velocity,15T,long,288,0.8639502699452303,0.7655071966617399,0.42461987949106356,0.18030204205900532,0.18788879728392668,4.710756692104042,Climate,1.1285984948447063,1.0,1.2894736649468541,0.7655071966617399,23.449280333826007
ts_icl,current_velocity,15T,medium,96,0.7574821876670954,0.7632469254803556,0.4159638872280825,0.17302595547789693,0.20323056826444055,13.00016346713528,Climate,0.9924470867542217,1.0,2.322853246703744,0.7632469254803556,23.675307451964443
ts_icl,current_velocity,15T,short,12,0.5193276915541719,0.5238477165442099,0.38905613308127585,0.15136467468815543,0.453088957404636,92.03697711788118,Climate,0.9913714905166404,1.0,12.830142772756517,0.5238477165442099,47.615228345579006
chronos2,current_velocity,20T,long,216,1.0349358614818083,0.7818707943035755,0.6976374435518404,0.4866980026455474,0.5739694775146801,3.4502980057150126,Climate,1.3236660955006534,1.0,5.862513719126582,0.7818707943035755,21.812920569642447
chronos2,current_velocity,20T,medium,72,0.7299694722683221,0.7171297699160067,0.42078303966854297,0.1770583664726986,0.3226624593318943,9.391322519630194,Climate,1.0179042941611798,1.0,11.10418189316988,0.7171297699160067,28.287023008399327
chronos2,current_velocity,20T,short,9,0.4727036485451953,0.46537768567175847,0.3362000653035052,0.11303048391008118,0.5877917674840182,61.141130197793245,Climate,1.0157419728083052,1.0,65.24346527643502,0.46537768567175847,53.46223143282416
chronos_bolt,current_velocity,20T,long,216,1.365751198444944,1.0317943498646256,0.8180825367327199,0.669259036907042,0.5739694775146801,22.621950203552842,Climate,1.3236660955006534,1.0,5.862513719126582,1.0317943498646256,-3.1794349864625593
chronos_bolt,current_velocity,20T,medium,72,1.1046554990495228,1.0852253059408024,0.6847937011577467,0.46894241314532537,0.3226624593318943,24.968467444181442,Climate,1.0179042941611798,1.0,11.10418189316988,1.0852253059408024,-8.522530594080235
chronos_bolt,current_velocity,20T,short,9,0.5819725735844418,0.5729531605112412,0.43537891255147965,0.18955479749450896,0.5877917674840182,29.834187980741262,Climate,1.0157419728083052,1.0,65.24346527643502,0.5729531605112412,42.704683948875875
ts_icl,current_velocity,20T,long,216,1.1122450157855845,0.840276123688805,0.6802913862736099,0.4627963702380698,0.5739694775146801,23.957585018593818,Climate,1.3236660955006534,1.0,5.862513719126582,0.840276123688805,15.9723876311195
ts_icl,current_velocity,20T,medium,72,0.8134401959265366,0.7991322962212916,0.45504919886610307,0.20706977338868224,0.3226624593318943,67.16744580073282,Climate,1.0179042941611798,1.0,11.10418189316988,0.7991322962212916,20.086770377870845
ts_icl,current_velocity,20T,short,9,0.5218188258961157,0.5137316758245211,0.369536976968835,0.13655757734726529,0.5877917674840182,497.8738484438509,Climate,1.0157419728083052,1.0,65.24346527643502,0.5137316758245211,48.626832417547895
chronos2,current_velocity,5T,long,864,0.8498128607052333,0.7777128406354761,0.38290662610168397,0.14661748431257482,0.29190573790947194,0.16481361351907253,Climate,1.0927077660320532,1.0,0.6923420028761029,0.7777128406354761,22.228715936452392
chronos2,current_velocity,5T,medium,288,0.5887550969808875,0.6464918202535772,0.31666406544864184,0.10027613034646171,0.11522061713881367,0.41854221746325493,Climate,0.9106922601897061,1.0,0.8633319521322846,0.6464918202535772,35.35081797464228
chronos2,current_velocity,5T,short,36,0.3706701929271874,0.4071054800668598,0.3024086970579897,0.09145102005631098,0.38424047675878115,3.5322945155203342,Climate,0.9105016048084428,1.0,3.565892705693841,0.4071054800668598,59.28945199331401
chronos_bolt,current_velocity,5T,long,864,1.0664668009130953,0.9759853769372879,0.6220267257977385,0.386917247606655,0.29190573790947194,3.366400418803096,Climate,1.0927077660320532,1.0,0.6923420028761029,0.9759853769372879,2.401462306271207
chronos_bolt,current_velocity,5T,medium,288,0.7323406240134054,0.8041581728836168,0.3640244437201134,0.132513795625738,0.11522061713881367,3.338298089802265,Climate,0.9106922601897061,1.0,0.8633319521322846,0.8041581728836168,19.58418271163832
chronos_bolt,current_velocity,5T,short,36,0.4309424156630221,0.473302203298902,0.3107609798347468,0.09657238658785193,0.38424047675878115,1.290748367086053,Climate,0.9105016048084428,1.0,3.565892705693841,0.473302203298902,52.6697796701098
ts_icl,current_velocity,5T,long,864,1.0940430192022368,1.001221967310649,0.6784415276478244,0.4602829064371137,0.29190573790947194,1.5789223592728376,Climate,1.0927077660320532,1.0,0.6923420028761029,1.001221967310649,-0.12219673106490525
ts_icl,current_velocity,5T,medium,288,0.6444202193835324,0.7076157858740267,0.28944571868642954,0.0837788240659037,0.11522061713881367,2.3054315531626344,Climate,0.9106922601897061,1.0,0.8633319521322846,0.7076157858740267,29.238421412597326
ts_icl,current_velocity,5T,short,36,0.40666683057892833,0.4466404325168494,0.29461280492591785,0.08679670482631692,0.38424047675878115,17.39257297804579,Climate,0.9105016048084428,1.0,3.565892705693841,0.4466404325168494,55.33595674831506
chronos2,current_velocity,H,long,336,1.353132705831222,0.6840660462276843,1.2101044402836905,1.4643527563943035,1.9703509296939952,0.6613551694899797,Climate,1.97807318941371,1.0,2.3988108662888408,0.6840660462276843,31.59339537723157
chronos2,current_velocity,H,medium,168,1.1473694546649549,0.6223341959795847,0.9173868595481307,0.8415986500715817,1.2185305146164476,1.2948899697512388,Climate,1.8436548434542293,1.0,3.0981775810942054,0.6223341959795847,37.76658040204153
chronos2,current_velocity,H,short,24,0.6887220923168162,0.6662337992328787,0.46794063824903037,0.21896844092490989,0.3826492950103123,7.251303713768721,Climate,1.0337543563683367,1.0,12.451473160646856,0.6662337992328787,33.37662007671213
chronos_bolt,current_velocity,H,long,336,1.6266933009882154,0.822362544365893,1.2967850347324767,1.681651426306111,1.9703509296939952,11.584525475278497,Climate,1.97807318941371,1.0,2.3988108662888408,0.822362544365893,17.763745563410705
chronos_bolt,current_velocity,H,medium,168,1.4834479710008108,0.8046234772564353,1.0013297400320422,1.0026612482726371,1.2185305146164476,9.751223923638463,Climate,1.8436548434542293,1.0,3.0981775810942054,0.8046234772564353,19.537652274356464
chronos_bolt,current_velocity,H,short,24,0.8281138920709751,0.8010741497430847,0.48416436618895486,0.23441513348715237,0.3826492950103123,5.629350917413831,Climate,1.0337543563683367,1.0,12.451473160646856,0.8010741497430847,19.892585025691535
ts_icl,current_velocity,H,long,336,1.3360270016711546,0.6754183863475475,1.2599132255114833,1.5873813358187499,1.9703509296939952,6.487408426124603,Climate,1.97807318941371,1.0,2.3988108662888408,0.6754183863475475,32.45816136524525
ts_icl,current_velocity,H,medium,168,1.172189045510165,0.6357963637672974,0.8861673208434371,0.7852925205308352,1.2185305146164476,12.448719345033169,Climate,1.8436548434542293,1.0,3.0981775810942054,0.6357963637672974,36.420363623270255
ts_icl,current_velocity,H,short,24,0.7341019003197232,0.7101318565647288,0.47165741721324433,0.22246071921226845,0.3826492950103123,86.33743962505832,Climate,1.0337543563683367,1.0,12.451473160646856,0.7101318565647288,28.986814343527122
chronos2,epf_electricity_price,H,long,168,1.3994284061370788,0.7012950561917676,0.9389933556592038,0.8817085219721321,2.061898174629208,0.37046373076736927,Finance,1.9954916176600113,1.0,0.6750172125175595,0.7012950561917676,29.870494380823242
chronos2,epf_electricity_price,H,medium,72,1.209757884715994,0.6491778388804407,0.94462963780452,0.8923251526186987,2.1638735496972785,0.8319895341992378,Finance,1.8635230783637327,1.0,1.2589816534891725,0.6491778388804407,35.08221611195593
chronos2,epf_electricity_price,H,short,24,0.9582914513423078,0.6707122771675035,0.8828304515994457,0.7793896062712813,1.4925386582068707,2.7476314920932055,Finance,1.4287668259022852,1.0,3.303646160289645,0.6707122771675035,32.92877228324965
chronos_bolt,epf_electricity_price,H,long,168,1.469630560166673,0.7364754365092334,0.9704849551531478,0.9418410481786074,2.061898174629208,1.4403146971017122,Finance,1.9954916176600113,1.0,0.6750172125175595,0.7364754365092334,26.352456349076657
chronos_bolt,epf_electricity_price,H,medium,72,1.2501886284244879,0.670873703116259,0.9651566312776669,0.9315273228992542,2.1638735496972785,1.819342479109764,Finance,1.8635230783637327,1.0,1.2589816534891725,0.670873703116259,32.912629688374096
chronos_bolt,epf_electricity_price,H,short,24,0.9865224365484573,0.6904712642144776,0.8574124195719857,0.7351560572362867,1.4925386582068707,1.0168448481708765,Finance,1.4287668259022852,1.0,3.303646160289645,0.6904712642144776,30.952873578552243
ts_icl,epf_electricity_price,H,long,168,1.406930503128837,0.7050545793716021,0.8288598021531841,0.6870085716254155,2.061898174629208,1.872448774985969,Finance,1.9954916176600113,1.0,0.6750172125175595,0.7050545793716021,29.49454206283979
ts_icl,epf_electricity_price,H,medium,72,1.1992278750561916,0.6435272463108824,0.8801189845570391,0.7746094269777135,2.1638735496972785,4.208560771308839,Finance,1.8635230783637327,1.0,1.2589816534891725,0.6435272463108824,35.64727536891176
ts_icl,epf_electricity_price,H,short,24,0.9572336223044459,0.6699718981086645,0.8398324239936795,0.7053185003910996,1.4925386582068707,12.666083931922913,Finance,1.4287668259022852,1.0,3.303646160289645,0.6699718981086645,33.00281018913355
seasonal_naive,Crypto,D,short,30,6.169569272851417,1.0,5.261962632150346,27.688250742146593,27.688250742146593,0.13141694758087397,Finance,6.169569272851417,1.0,0.13141694758087397,1.0,0.0
seasonal_naive,CPHL,15T,long,288,1.556704626979664,1.0,0.966866738564371,0.9348312901421038,0.9348312901421038,0.08728386927396059,Climate,1.556704626979664,1.0,0.08728386927396059,1.0,0.0
seasonal_naive,SG_Carpark,15T,long,672,1.307891992764626,1.0,0.8004603647259972,0.6407367954972765,0.6407367954972765,6.359087245538831,Transport,1.307891992764626,1.0,6.359087245538831,1.0,0.0
seasonal_naive,current_velocity,10T,medium,144,1.0437112263446233,1.0,0.503041797645842,0.25305105017876023,0.25305105017876023,6.091557212173939,Climate,1.0437112263446233,1.0,6.091557212173939,1.0,0.0
seasonal_naive,CPHL,30T,medium,48,1.893340926882399,1.0,1.2196879954940523,1.4876388063522994,1.4876388063522994,0.283974077552557,Climate,1.893340926882399,1.0,0.283974077552557,1.0,0.0
seasonal_naive,current_velocity,20T,medium,72,1.0179042941611798,1.0,0.5680338540367944,0.3226624593318943,0.3226624593318943,11.10418189316988,Climate,1.0179042941611798,1.0,11.10418189316988,1.0,0.0
seasonal_naive,CPHL,30T,short,12,1.9158052500490743,1.0,1.417296149145848,2.00872837438365,2.00872837438365,0.9665918750688434,Climate,1.9158052500490743,1.0,0.9665918750688434,1.0,0.0
seasonal_naive,current_velocity,20T,short,9,1.0157419728083052,1.0,0.76667579033384,0.5877917674840182,0.5877917674840182,65.24346527643502,Climate,1.0157419728083052,1.0,65.24346527643502,1.0,0.0
seasonal_naive,current_velocity,5T,long,864,1.0927077660320532,1.0,0.5402830164917938,0.29190573790947194,0.29190573790947194,0.6923420028761029,Climate,1.0927077660320532,1.0,0.6923420028761029,1.0,0.0
seasonal_naive,Australia_Solar,H,long,168,1.2762842341465261,1.0,0.6487972292638606,0.42093784470046247,0.42093784470046247,0.36489084642380476,Climate,1.2762842341465261,1.0,0.36489084642380476,1.0,0.0
seasonal_naive,Global_Influenza,W,short,13,4.230835072275004,1.0,5.512606079900088,30.38882579215142,30.38882579215142,0.980701144784689,Healthcare,4.230835072275004,1.0,0.980701144784689,1.0,0.0
seasonal_naive,MetroPT-3,5T,long,576,0.8686901704875118,1.0,0.14909093131981657,0.022228105801810265,0.022228105801810265,0.25579052697867155,Transport,0.8686901704875118,1.0,0.25579052697867155,1.0,0.0
seasonal_naive,Coastal_T_S,5T,long,864,1.4810239029575263,1.0,1.344496187052519,1.8076699969987622,1.8076699969987622,6.789144224487245,Climate,1.4810239029575263,1.0,6.789144224487245,1.0,0.0
seasonal_naive,SG_PM25,H,long,168,1.2909773955323274,1.0,0.353421486186987,0.12490674689861864,0.12490674689861864,0.5450284564867616,Climate,1.2909773955323274,1.0,0.5450284564867616,1.0,0.0
seasonal_naive,Port_Activity,W,short,13,0.9755398949343401,1.0,0.46340282894494556,0.21474218187417846,0.21474218187417846,3.622349251061678,Transport,0.9755398949343401,1.0,3.622349251061678,1.0,0.0
seasonal_naive,Coastal_T_S,15T,long,288,1.5935046166703226,1.0,1.1535594416256896,1.3306993853637727,1.3306993853637727,0.7146508358418941,Climate,1.5935046166703226,1.0,0.7146508358418941,1.0,0.0
seasonal_naive,Water_Quality_Darwin,15T,medium,96,1.0892248555624096,1.0,0.9307003899397323,0.8662032158339698,0.8662032158339698,3.5120491245761514,Climate,1.0892248555624096,1.0,3.5120491245761514,1.0,0.0
seasonal_naive,Water_Quality_Darwin,15T,short,16,1.0871610587899843,1.0,1.156784190715721,1.3381496638898256,1.3381496638898256,15.32182686496526,Climate,1.0871610587899843,1.0,15.32182686496526,1.0,0.0
seasonal_naive,current_velocity,15T,long,288,1.1285984948447063,1.0,0.4334614138351033,0.18788879728392668,0.18788879728392668,1.2894736649468541,Climate,1.1285984948447063,1.0,1.2894736649468541,1.0,0.0
seasonal_naive,EWELD_Load,15T,long,672,0.9730884442803625,1.0,0.4877942060807641,0.237943187485963,0.237943187485963,0.3245005141943693,Energy,0.9730884442803625,1.0,0.3245005141943693,1.0,0.0
seasonal_naive,WUI_Global,Q,short,4,1.2752554228759418,1.0,0.7806254978170413,0.6093761678421035,0.6093761678421035,0.30773282889276743,Economics,1.2752554228759418,1.0,0.30773282889276743,1.0,0.0
seasonal_naive,Job_Claims,W,short,13,2.721408984092651,1.0,1.3451556826300457,1.8094438105119042,1.8094438105119042,0.03477336373180151,Economics,2.721408984092651,1.0,0.03477336373180151,1.0,0.0
seasonal_naive,epf_electricity_price,H,medium,72,1.8635230783637327,1.0,1.4710110637576044,2.1638735496972785,2.1638735496972785,1.2589816534891725,Finance,1.8635230783637327,1.0,1.2589816534891725,1.0,0.0
seasonal_naive,Coastal_T_S,H,medium,168,2.05499932278695,1.0,1.7549092356684324,3.0797064254343613,3.0797064254343613,1.804201859049499,Climate,2.05499932278695,1.0,1.804201859049499,1.0,0.0
seasonal_naive,Global_Price,Q,short,4,1.8604859355497676,1.0,1.8573657897006313,3.4498076767502495,3.4498076767502495,1.0117378337308764,Economics,1.8604859355497676,1.0,1.0117378337308764,1.0,0.0
seasonal_naive,epf_electricity_price,H,short,24,1.4287668259022852,1.0,1.221694993935422,1.4925386582068707,1.4925386582068707,3.303646160289645,Finance,1.4287668259022852,1.0,3.303646160289645,1.0,0.0
seasonal_naive,OpenElectricity_NEM,5T,medium,96,1.0220753966761364,1.0,0.7497558954458872,0.5621339027558641,0.5621339027558641,2.961383949033916,Energy,1.0220753966761364,1.0,2.961383949033916,1.0,0.0
seasonal_naive,SG_Weather,D,medium,7,1.180304070490495,1.0,0.7875160542587117,0.6201815357152103,0.6201815357152103,3.9589907936751842,Climate,1.180304070490495,1.0,3.9589907936751842,1.0,0.0
seasonal_naive,Coastal_T_S,H,short,24,1.204935864293014,1.0,1.6422792918413454,2.6970812724109106,2.6970812724109106,7.276267562992871,Climate,1.204935864293014,1.0,7.276267562992871,1.0,0.0
seasonal_naive,NE_China_Wind,H,medium,72,1.092497259593467,1.0,0.7653438843122552,0.5857512612541707,0.5857512612541707,0.18750894628465176,Climate,1.092497259593467,1.0,0.18750894628465176,1.0,0.0
seasonal_naive,current_velocity,10T,short,18,1.042604019237951,1.0,0.6933501705785258,0.4807344590412708,0.4807344590412708,31.85003567300737,Climate,1.042604019237951,1.0,31.85003567300737,1.0,0.0
seasonal_naive,JOLTS,M,short,12,1.68559441428069,1.0,0.9422230958137535,0.8877843622848538,0.8877843622848538,0.12435972783714533,Economics,1.68559441428069,1.0,0.12435972783714533,1.0,0.0
seasonal_naive,OpenElectricity_NEM,5T,short,24,1.021668339182264,1.0,0.9240274217057249,0.8538266760641295,0.8538266760641295,9.567372966557741,Energy,1.021668339182264,1.0,9.567372966557741,1.0,0.0
seasonal_naive,SG_Weather,D,short,3,1.0689616504483799,1.0,0.8072085701870649,0.6515856757834457,0.6515856757834457,9.068410464562476,Climate,1.0689616504483799,1.0,9.068410464562476,1.0,0.0
seasonal_naive,NE_China_Wind,H,short,24,0.8322078490336116,1.0,0.6320861331232855,0.39953287968674783,0.39953287968674783,0.45941207837313414,Climate,0.8322078490336116,1.0,0.45941207837313414,1.0,0.0
seasonal_naive,Australia_Solar,H,medium,72,1.3589947306642882,1.0,0.829210915430357,0.6875907422688505,0.6875907422688505,0.6641839258372784,Climate,1.3589947306642882,1.0,0.6641839258372784,1.0,0.0
seasonal_naive,Smart_Manufacturing,H,medium,168,1.0059162251273246,1.0,0.11519203971926659,0.01326920601468509,0.01326920601468509,2.0938354451209307,Industry,1.0059162251273246,1.0,2.0938354451209307,1.0,0.0
seasonal_naive,ECDC_COVID,W,short,13,1.5433643330513203,1.0,1.5894082311142634,2.5262185251337717,2.5262185251337717,0.24623477086424828,Healthcare,1.5433643330513203,1.0,0.24623477086424828,1.0,0.0
seasonal_naive,current_velocity,H,medium,168,1.8436548434542293,1.0,1.1038706965113476,1.2185305146164476,1.2185305146164476,3.0981775810942054,Climate,1.8436548434542293,1.0,3.0981775810942054,1.0,0.0
seasonal_naive,Smart_Manufacturing,H,short,24,0.9987212256449988,1.0,0.19538696492859342,0.03817606606400739,0.03817606606400739,8.254228632897139,Industry,0.9987212256449988,1.0,8.254228632897139,1.0,0.0
seasonal_naive,Finland_Traffic,15T,long,672,0.9356216079721509,1.0,0.13704519299139284,0.018781384922048106,0.018781384922048106,0.06827850919216871,Transport,0.9356216079721509,1.0,0.06827850919216871,1.0,0.0
seasonal_naive,Vehicle_Supply,M,short,12,1.1123545370322176,1.0,0.786233925224276,0.6181637851735725,0.6181637851735725,0.13469098322093487,Economics,1.1123545370322176,1.0,0.13469098322093487,1.0,0.0
seasonal_naive,current_velocity,H,short,24,1.0337543563683367,1.0,0.6185865299295744,0.3826492950103123,0.3826492950103123,12.451473160646856,Climate,1.0337543563683367,1.0,12.451473160646856,1.0,0.0
seasonal_naive,Coastal_T_S,20T,medium,72,1.2827707713444634,1.0,0.8994246593808047,0.8089647179022766,0.8089647179022766,0.2132205916568637,Climate,1.2827707713444634,1.0,0.2132205916568637,1.0,0.0
seasonal_naive,ECDC_COVID,D,short,30,3.5426548068444346,1.0,3.0764544936695892,9.46457225161981,9.46457225161981,0.16327598877251148,Healthcare,3.5426548068444346,1.0,0.16327598877251148,1.0,0.0
seasonal_naive,US_Labor,M,short,12,1.7726043654315742,1.0,1.713712213954034,2.936809552255237,2.936809552255237,0.31104636937379837,Economics,1.7726043654315742,1.0,0.31104636937379837,1.0,0.0
seasonal_naive,Coastal_T_S,20T,short,9,1.2782414293270614,1.0,1.1796595512946801,1.391596656960766,1.391596656960766,1.2665154142305255,Climate,1.2782414293270614,1.0,1.2665154142305255,1.0,0.0
seasonal_naive,current_velocity,20T,long,216,1.3236660955006534,1.0,0.7576077332727538,0.5739694775146801,0.5739694775146801,5.862513719126582,Climate,1.3236660955006534,1.0,5.862513719126582,1.0,0.0
seasonal_naive,Port_Activity,D,short,30,0.9536286637709488,1.0,0.6045393642018696,0.36546784286960077,0.36546784286960077,8.336052159778774,Transport,0.9536286637709488,1.0,8.336052159778774,1.0,0.0
seasonal_naive,CPHL,15T,medium,96,1.37281934883039,1.0,0.7895232215323791,0.6233469173388662,0.6233469173388662,0.15893543139100075,Climate,1.37281934883039,1.0,0.15893543139100075,1.0,0.0
seasonal_naive,SG_Carpark,15T,medium,96,0.9472441633805834,1.0,0.8315971040944682,0.6915537435383057,0.6915537435383057,14.793124185875058,Transport,0.9472441633805834,1.0,14.793124185875058,1.0,0.0
seasonal_naive,CPHL,15T,short,12,1.3686982871636935,1.0,1.1001396990100754,1.2103073573379792,1.2103073573379792,0.8933454435318708,Climate,1.3686982871636935,1.0,0.8933454435318708,1.0,0.0
seasonal_naive,SG_Carpark,15T,short,16,0.9420673883040124,1.0,1.1650298484221824,1.3572945477146132,1.3572945477146132,64.31157630681992,Transport,0.9420673883040124,1.0,64.31157630681992,1.0,0.0
seasonal_naive,Housing_Inventory,M,short,12,0.6840076077319015,1.0,0.39788380286429137,0.15831152058175027,0.15831152058175027,0.04277162812650204,Economics,0.6840076077319015,1.0,0.04277162812650204,1.0,0.0
seasonal_naive,CPHL,H,long,336,2.524261882033793,1.0,1.1523358314221883,1.3278778683794659,1.3278778683794659,0.07477753702551126,Climate,2.524261882033793,1.0,0.07477753702551126,1.0,0.0
seasonal_naive,azure2019_I,5T,short,288,0.9861099951301255,1.0,0.44951165233184964,0.20206072558210966,0.20206072558210966,39.59057625103742,Unclassified,0.9861099951301255,1.0,39.59057625103742,1.0,0.0
seasonal_naive,Water_Quality_Darwin,15T,long,288,1.591229713377238,1.0,1.2352317031576296,1.5257973604856987,1.5257973604856987,2.003494313918054,Climate,1.591229713377238,1.0,2.003494313918054,1.0,0.0
seasonal_naive,current_velocity,5T,medium,288,0.9106922601897061,1.0,0.3394416255246455,0.11522061713881367,0.11522061713881367,0.8633319521322846,Climate,0.9106922601897061,1.0,0.8633319521322846,1.0,0.0
seasonal_naive,Commodity_Production,M,short,12,1.220088634016739,1.0,0.730035105873204,0.5329512558073002,0.5329512558073002,0.6614465108141303,Economics,1.220088634016739,1.0,0.6614465108141303,1.0,0.0
seasonal_naive,Oil_Price,B,short,20,1.5496690109476723,1.0,1.1441054122537264,1.308977194348269,1.308977194348269,12.918505388312042,Finance,1.5496690109476723,1.0,12.918505388312042,1.0,0.0
seasonal_naive,MetroPT-3,5T,medium,288,0.8535683382965379,1.0,0.1403422923174689,0.019695959012921885,0.019695959012921885,0.3266339413821697,Transport,0.8535683382965379,1.0,0.3266339413821697,1.0,0.0
seasonal_naive,Coastal_T_S,5T,medium,288,1.222066258731106,1.0,1.1701062000737548,1.3691485194510418,1.3691485194510418,10.081392582505941,Climate,1.222066258731106,1.0,10.081392582505941,1.0,0.0
seasonal_naive,current_velocity,5T,short,36,0.9105016048084428,1.0,0.6198713388750775,0.38424047675878115,0.38424047675878115,3.565892705693841,Climate,0.9105016048084428,1.0,3.565892705693841,1.0,0.0
seasonal_naive,Australia_Solar,H,short,24,1.235468758758717,1.0,0.9655624901150337,0.9323109223171446,0.9323109223171446,1.7007500659674406,Climate,1.235468758758717,1.0,1.7007500659674406,1.0,0.0
seasonal_naive,Supply_Chain_Location,D,short,30,1.4264456517338167,1.0,0.7598386653006373,0.5773547972858538,0.5773547972858538,2.1239393455907702,Sales,1.4264456517338167,1.0,2.1239393455907702,1.0,0.0
seasonal_naive,MetroPT-3,5T,short,48,0.8726224746907574,1.0,0.2757003391511327,0.07601067700804957,0.07601067700804957,1.0416007470339537,Transport,0.8726224746907574,1.0,1.0416007470339537,1.0,0.0
seasonal_naive,SG_PM25,H,medium,72,1.1852409592075988,1.0,0.4503747981319872,0.20283745879242823,0.20283745879242823,0.9929322004318237,Climate,1.1852409592075988,1.0,0.9929322004318237,1.0,0.0
seasonal_naive,Coastal_T_S,5T,short,36,1.2182080348379292,1.0,1.2981254054538556,1.685129568284737,1.685129568284737,47.6121036214754,Climate,1.2182080348379292,1.0,47.6121036214754,1.0,0.0
seasonal_naive,Finland_Traffic,15T,medium,96,0.7819762468379376,1.0,0.4133489668481001,0.17085736839439175,0.17085736839439175,0.20476613473147154,Transport,0.7819762468379376,1.0,0.20476613473147154,1.0,0.0
seasonal_naive,Auto_Production_SF,M,short,12,0.9634651517903213,1.0,0.4120834620259613,0.1698127796753019,0.1698127796753019,0.024433504790067673,Economics,0.9634651517903213,1.0,0.024433504790067673,1.0,0.0
seasonal_naive,US_Term_Structure,B,short,20,1.7649879489699798,1.0,1.016550232153112,1.0333743744905457,1.0333743744905457,76.68119631055743,Finance,1.7649879489699798,1.0,76.68119631055743,1.0,0.0
seasonal_naive,Coastal_T_S,15T,medium,96,1.4516859811322,1.0,1.1328980513409392,1.2834579947320974,1.2834579947320974,1.338175474666059,Climate,1.4516859811322,1.0,1.338175474666059,1.0,0.0
seasonal_naive,SG_PM25,H,short,24,1.1720073818805468,1.0,0.5067794736737509,0.2568254349370439,0.2568254349370439,2.6252891682088375,Climate,1.1720073818805468,1.0,2.6252891682088375,1.0,0.0
seasonal_naive,epf_electricity_price,H,long,168,1.9954916176600113,1.0,1.435931117647782,2.061898174629208,2.061898174629208,0.6750172125175595,Finance,1.9954916176600113,1.0,0.6750172125175595,1.0,0.0
seasonal_naive,azure2019_D,5T,short,288,1.0620292713988297,1.0,1.3522625111248772,1.8286138989937584,1.8286138989937584,79.90540184918791,Unclassified,1.0620292713988297,1.0,79.90540184918791,1.0,0.0
seasonal_naive,Finland_Traffic,15T,short,16,0.7821655158923493,1.0,0.7379019326551136,0.5444992622161519,0.5444992622161519,0.952554508112371,Transport,0.7821655158923493,1.0,0.952554508112371,1.0,0.0
seasonal_naive,Coastal_T_S,H,long,336,2.646814492501095,1.0,3.0520109575615497,9.314770885075767,9.314770885075767,1.3289766171947122,Climate,2.646814492501095,1.0,1.3289766171947122,1.0,0.0
seasonal_naive,Coastal_T_S,15T,short,12,1.447975868226236,1.0,1.26919754429659,1.6108624064484944,1.6108624064484944,7.751331891864538,Climate,1.447975868226236,1.0,7.751331891864538,1.0,0.0
seasonal_naive,current_velocity,10T,long,432,1.437499922931037,1.0,0.802103190101743,0.6433695275713929,0.6433695275713929,3.6895391680300236,Climate,1.437499922931037,1.0,3.6895391680300236,1.0,0.0
seasonal_naive,CPHL,30T,long,144,2.2236567264315648,1.0,1.2677986708600044,1.6073134698343936,1.6073134698343936,0.13040409795939922,Climate,2.2236567264315648,1.0,0.13040409795939922,1.0,0.0
seasonal_naive,current_velocity,15T,medium,96,0.9924470867542217,1.0,0.45081101169385884,0.20323056826444055,0.20323056826444055,2.322853246703744,Climate,0.9924470867542217,1.0,2.322853246703744,1.0,0.0
seasonal_naive,OpenElectricity_NEM,5T,long,288,1.0224745372877215,1.0,0.4649488547460206,0.21617743752963614,0.21617743752963614,1.473781293258071,Energy,1.0224745372877215,1.0,1.473781293258071,1.0,0.0
seasonal_naive,EWELD_Load,15T,medium,96,0.9107484734313388,1.0,0.4903450312078473,0.24043824963022473,0.24043824963022473,0.8178674932569265,Energy,0.9107484734313388,1.0,0.8178674932569265,1.0,0.0
seasonal_naive,SG_Weather,D,long,14,1.1878086823687262,1.0,0.7428700721653868,0.5518559441190071,0.5518559441190071,2.067176808603108,Climate,1.1878086823687262,1.0,2.067176808603108,1.0,0.0
seasonal_naive,NE_China_Wind,H,long,168,1.3310720643183538,1.0,0.8238518967724852,0.6787319478156216,0.6787319478156216,0.10292179975658655,Climate,1.3310720643183538,1.0,0.10292179975658655,1.0,0.0
seasonal_naive,Commodity_Import,M,short,12,1.8336477254740147,1.0,2.1583787725854373,4.658598925947419,4.658598925947419,0.23737083096057177,Economics,1.8336477254740147,1.0,0.23737083096057177,1.0,0.0
seasonal_naive,current_velocity,15T,short,12,0.9913714905166404,1.0,0.6731188285916804,0.453088957404636,0.453088957404636,12.830142772756517,Climate,0.9913714905166404,1.0,12.830142772756517,1.0,0.0
seasonal_naive,EWELD_Load,15T,short,24,0.9109076791493171,1.0,0.7927334143903945,0.6284262662910528,0.6284262662910528,2.7549216523766518,Energy,0.9109076791493171,1.0,2.7549216523766518,1.0,0.0
seasonal_naive,azure2019_U,5T,short,48,1.1130542641708217,1.0,1.1071539966917516,1.2257899723905192,1.2257899723905192,5.367972842417657,Cloud operations,1.1130542641708217,1.0,5.367972842417657,1.0,0.0
seasonal_naive,Smart_Manufacturing,H,long,336,1.0022363197581337,1.0,0.10964091292204521,0.0120211297863795,0.0120211297863795,1.5732318125665188,Industry,1.0022363197581337,1.0,1.5732318125665188,1.0,0.0
seasonal_naive,Vehicle_Sales,M,short,12,1.3003774304433904,1.0,0.9329941711002446,0.8704781233070326,0.8704781233070326,0.2621117187663913,Sales,1.3003774304433904,1.0,0.2621117187663913,1.0,0.0
seasonal_naive,current_velocity,H,long,336,1.97807318941371,1.0,1.4036918927221869,1.9703509296939952,1.9703509296939952,2.3988108662888408,Climate,1.97807318941371,1.0,2.3988108662888408,1.0,0.0
seasonal_naive,Uncertainty_1M,M,short,6,0.9687122092330922,1.0,0.6807865455811538,0.4634703206443205,0.4634703206443205,0.12652770429849625,Economics,0.9687122092330922,1.0,0.12652770429849625,1.0,0.0
seasonal_naive,Coastal_T_S,20T,long,216,1.837785242009726,1.0,1.3174335013795484,1.7356310305571765,1.7356310305571765,0.11135085113346577,Climate,1.837785242009726,1.0,0.11135085113346577,1.0,0.0
seasonal_naive,CPHL,H,medium,168,2.2276216946589162,1.0,0.7777575640639581,0.6049068284587019,0.6049068284587019,0.1013115681707859,Climate,2.2276216946589162,1.0,0.1013115681707859,1.0,0.0
seasonal_naive,Online_Retail_2_UCI,D,short,30,1.6232577008686375,1.0,0.8410860891561767,0.7074258093720319,0.7074258093720319,0.02367151528596878,Sales,1.6232577008686375,1.0,0.02367151528596878,1.0,0.0
seasonal_naive,Supply_Chain_Customer,D,short,30,1.5244040426120686,1.0,0.8725792135654238,0.7613944839464535,0.7613944839464535,1.5101168360561132,Sales,1.5244040426120686,1.0,1.5101168360561132,1.0,0.0
seasonal_naive,CPHL,H,short,24,1.5555461077967614,1.0,0.9725855144275046,0.9459225828742138,0.9459225828742138,0.4137184591963887,Climate,1.5555461077967614,1.0,0.4137184591963887,1.0,0.0
