domain,model,tasks,finite_MASE_tasks,mean_task_MASE,scaled_MASE,total_inference_seconds,timed_tasks,prediction_nan_values,prediction_values,prediction_nan_rate,relative_improvement_percent,relative_scaled_improvement_percent,relative_tasks,mean_paired_improvement_percent,paired_percentage_tasks,reference_mean_loss,reference_total_inference_seconds
Climate,chronos2,51,51,1.0394593210642906,0.7175059673406494,240.14205711893737,51,0,23273217,0.0,25.44050335560939,28.249403265935058,51,26.906578784278363,51,1.394134037709458,297.30811541341245
Climate,chronos_bolt,51,51,1.167269048051964,0.8075665325768292,312.5960276927799,51,0,23273217,0.0,16.27282481605784,19.24334674231708,51,17.479508980246145,51,1.394134037709458,297.30811541341245
Climate,ts_icl,51,51,1.0813619495025295,0.7521763213968419,1623.0092961136252,51,0,23273217,0.0,22.43486492308935,24.782367860315812,51,23.522704839103636,51,1.394134037709458,297.30811541341245
Economics,chronos2,11,11,1.089231263749338,0.6744807840945368,2.3849587459117174,11,0,53046,0.0,25.569492949799113,32.551921590546314,11,29.959358551030608,11,1.4634204534099007,3.0412907619029284
Economics,chronos_bolt,11,11,1.2702632906862332,0.7693060483420933,3.412902759388089,11,0,53046,0.0,13.199020300255748,23.069395165790674,11,18.946837538651433,11,1.4634204534099007,3.0412907619029284
Economics,ts_icl,11,11,1.1079549530667625,0.7064677651287852,11.00564362294972,11,0,53046,0.0,24.290045934158687,29.353223487121483,11,26.828476339383954,11,1.4634204534099007,3.0412907619029284
Finance,chronos2,6,6,2.105951660476022,0.7807226447918029,12.885839262977242,6,0,661104,0.0,14.461797118675157,21.927735520819713,6,20.915851984567013,6,2.462001292449183,95.3637812435627
Finance,chronos_bolt,6,6,2.2252155357275716,0.8184711858652598,7.783198157325387,6,0,661104,0.0,9.617613014575577,18.15288141347402,6,16.92893348797216,6,2.462001292449183,95.3637812435627
Finance,ts_icl,6,6,2.139228071410839,0.7866148462328061,61.884042939171195,6,0,661104,0.0,13.110197059127094,21.338515376719393,6,20.176744115840673,6,2.462001292449183,95.3637812435627
Healthcare,chronos2,3,3,2.466688194255598,0.8203072945551647,0.7489003799855709,3,0,45900,0.0,20.573356475837436,17.96927054448353,3,16.67310154458274,3,3.1056180707235863,1.3643108755350113
Healthcare,chronos_bolt,3,3,2.5918883050948867,0.8427264524642858,1.2157602608203888,3,0,45900,0.0,16.541949265158816,15.72735475357142,3,14.70341745670175,3,3.1056180707235863,1.3643108755350113
Healthcare,ts_icl,3,3,2.7058053376806956,0.9234010303559199,5.314829561859369,3,0,45900,0.0,12.873853897615206,7.659896964408008,3,5.337591158766341,3,3.1056180707235863,1.3643108755350113
Energy,chronos2,6,6,0.611204170856088,0.6105618611977047,14.776673732325435,6,0,1451520,0.0,37.42964924921866,38.94381388022953,6,37.18247378256468,6,0.9768271450011902,18.837804347276688
Energy,chronos_bolt,6,6,0.6828042556430926,0.6843068249146774,16.663606198504567,6,0,1451520,0.0,30.099786933924666,31.569317508532258,6,30.07710139638937,6,0.9768271450011902,18.837804347276688
Energy,ts_icl,6,6,0.6378228099425765,0.6406460051573719,71.1933354884386,6,0,1451520,0.0,34.704639074930775,35.93539948426281,6,34.5668507360058,6,0.9768271450011902,18.837804347276688
Transport,chronos2,11,11,0.5931928626683382,0.6296840039875741,94.45197152532637,11,0,7399350,0.0,36.15975948584732,37.03159960124259,11,35.797675238708344,11,0.9291833143028868,96.6070097964257
Transport,chronos_bolt,11,11,0.6493323554116637,0.6878208887597586,90.97960469312966,11,0,7399350,0.0,30.117949233858056,31.217911124024145,11,30.21188506725986,11,0.9291833143028868,96.6070097964257
Transport,ts_icl,11,11,0.6278199202360067,0.6669921278573406,488.74280367046595,11,0,7399350,0.0,32.43314741321801,33.30078721426594,11,32.328835955110804,11,0.9291833143028868,96.6070097964257
Sales,chronos2,4,4,0.6505512713280388,0.43882902506417076,1.822550566866994,4,0,288900,0.0,55.70326313642795,56.117097493582925,4,54.89295262734165,4,1.4686212064144784,3.997866455465555
Sales,chronos_bolt,4,4,0.6637809208253372,0.45149155632622734,2.6365009360015392,4,0,288900,0.0,54.80244205066973,54.85084436737726,4,54.16066537095926,4,1.4686212064144784,3.997866455465555
Sales,ts_icl,4,4,0.6772577335019458,0.46033096831933124,18.905271926894784,4,0,288900,0.0,53.884791357778596,53.96690316806687,4,53.225371241369906,4,1.4686212064144784,3.997866455465555
Industry,chronos2,3,3,0.7112449102497985,0.7096220145537652,3.215081149712205,3,0,1097550,0.0,29.03810091193244,29.037798544623485,3,29.037467292852728,3,1.0022912568434859,11.825246900320053
Industry,chronos_bolt,3,3,0.7148023421857621,0.7131701361447657,14.410844456404448,3,0,1097550,0.0,28.683170954031077,28.682986385523435,3,28.682245282439382,3,1.0022912568434859,11.825246900320053
Industry,ts_icl,3,3,0.7120479562903183,0.710423203933081,39.900423888117075,3,0,1097550,0.0,28.957979885730055,28.9576796066919,3,28.957355926635103,3,1.0022912568434859,11.825246900320053
Unclassified,chronos2,2,2,0.6960750459951832,0.6798500647645618,66.96466446481645,2,0,34548768,0.0,32.028543432513445,32.01499352354382,2,32.013835645951445,2,1.0240696332644776,119.2157508507371
Unclassified,chronos_bolt,2,2,0.7973766782604312,0.7791165650536745,501.41829780861735,2,0,34548768,0.0,22.136478579235476,22.088343494632547,2,22.063411607898182,2,1.0240696332644776,119.2157508507371
Unclassified,ts_icl,2,2,0.7355799924016022,0.7186379108791688,342.8590445872396,2,0,34548768,0.0,28.170900834471833,28.136208912083116,2,28.126001153236015,2,1.0240696332644776,119.2157508507371
Cloud operations,chronos2,1,1,0.6607650521734936,0.5936503488136183,1.5292853713035583,1,0,606528,0.0,40.63496511863816,40.63496511863816,1,40.63496511863816,1,1.1130542641708217,5.47015979513526
Cloud operations,chronos_bolt,1,1,0.7729739710685387,0.6944620724708077,2.28006730414927,1,0,606528,0.0,30.55379275291923,30.55379275291923,1,30.55379275291923,1,1.1130542641708217,5.47015979513526
Cloud operations,ts_icl,1,1,0.6951977394287573,0.6245856664918761,20.772321673110127,1,0,606528,0.0,37.54143335081239,37.54143335081239,1,37.54143335081239,1,1.1130542641708217,5.47015979513526
Finance,seasonal_naive,6,6,2.462001292449183,1.0,95.3637812435627,6,0,661104,0.0,0.0,0.0,6,0.0,6,2.462001292449183,95.3637812435627
Economics,seasonal_naive,11,11,1.4634204534099007,1.0,3.0412907619029284,11,0,53046,0.0,0.0,0.0,11,0.0,11,1.4634204534099007,3.0412907619029284
Climate,seasonal_naive,51,51,1.394134037709458,1.0,297.30811541341245,51,0,23273217,0.0,0.0,0.0,51,0.0,51,1.394134037709458,297.30811541341245
Transport,seasonal_naive,11,11,0.929183314302887,1.0,96.6070097964257,11,0,7399350,0.0,0.0,0.0,11,0.0,11,0.929183314302887,96.6070097964257
Energy,seasonal_naive,6,6,0.9768271450011902,1.0,18.837804347276688,6,0,1451520,0.0,0.0,0.0,6,0.0,6,0.9768271450011902,18.837804347276688
Industry,seasonal_naive,3,3,1.0022912568434856,1.0,11.825246900320053,3,0,1097550,0.0,0.0,0.0,3,0.0,3,1.0022912568434856,11.825246900320053
Sales,seasonal_naive,4,4,1.4686212064144784,1.0,3.997866455465555,4,0,288900,0.0,0.0,0.0,4,0.0,4,1.4686212064144784,3.997866455465555
Unclassified,seasonal_naive,2,2,1.0240696332644776,1.0,119.2157508507371,2,0,34548768,0.0,0.0,0.0,2,0.0,2,1.0240696332644776,119.2157508507371
Cloud operations,seasonal_naive,1,1,1.1130542641708217,1.0,5.47015979513526,1,0,606528,0.0,0.0,0.0,1,0.0,1,1.1130542641708217,5.47015979513526
Healthcare,seasonal_naive,3,3,3.1056180707235863,1.0,1.3643108755350113,3,0,45900,0.0,0.0,0.0,3,0.0,3,3.1056180707235863,1.3643108755350113
